creation_id,filename,created_at,prog_id
9dN2MEo4Wv7wX1YTk9RU,9dN2MEo4Wv7wX1YTk9RU.jpg,2022-08-15T00:44:34.473Z,c14164003957924e8c57c98cfa659d10
zT8S41aywTBt3GyJLCr5,zT8S41aywTBt3GyJLCr5--1--7awm2.jpg,2023-01-22T19:05:54.927Z,4f92ed2d16b3c85c16d8782cb99f842a
JEQkTRTXHnwdQwdiHsy2,JEQkTRTXHnwdQwdiHsy2--1--q4rbq.jpg,2023-01-22T19:19:18.954Z,83397257e86d48949c61b771f6b2c3e3
nSPcunifItJgk2z22soM,nSPcunifItJgk2z22soM--1--nsbf4.jpg,2023-01-22T19:26:09.556Z,08b353bbbfda791fecee1b66d55b4528
VgaofGHBtefvk0d8jNKP,VgaofGHBtefvk0d8jNKP--1--28egu.jpg,2023-01-22T20:59:36.421Z,be7db30901adbcecc9ab014832f6ce12
nUfOMGJFydzin2KI1ZC7,nUfOMGJFydzin2KI1ZC7--1--1pih6.jpg,2023-01-22T21:04:42.635Z,a60e32840c12ebdfc9b157503d9fc3c4
RbpgrVBowxS2nOOIfMkO,RbpgrVBowxS2nOOIfMkO.jpg,2023-01-22T21:11:23.984Z,dfa591d01d67604d669a8c11b75554e2
JcoXTl66UC9HIBcHezIt,JcoXTl66UC9HIBcHezIt--1--g7xlw.jpg,2023-01-22T21:12:26.708Z,7af97481d8c92f12b4a58776b8e0d49b
jcAR76UvZxRqNKIXCixu,jcAR76UvZxRqNKIXCixu--1--3akvm.jpg,2023-01-22T21:13:43.781Z,d60ade5db2e92236a124388cc770396d
fQc2T5ww8sMdw51oMcuw,fQc2T5ww8sMdw51oMcuw--1--pw2kx.jpg,2023-01-22T22:28:45.423Z,5bc223e31c81444aa902ebd443d7e3f8
Ks0Te7C0JByLjGRZezMa,Ks0Te7C0JByLjGRZezMa--1--x1v21.jpg,2023-01-22T22:30:59.058Z,9a63c6c77d2d4a46b9386c48e8ebf837
hm19RiJtxnAAN2h6ZGek,hm19RiJtxnAAN2h6ZGek--1--s65dq.jpg,2023-01-22T22:30:59.059Z,ebeab53d4369a9129fa2650c2e3192c5
vBmDuNnGpyXMN297a5gp,vBmDuNnGpyXMN297a5gp--1--19cvj.jpg,2023-01-22T22:30:59.059Z,7433a760d4ef5585fd84be8264cb0067
VBM9fyla9XMqQ2jSYNbH,VBM9fyla9XMqQ2jSYNbH--1--ktn5g.jpg,2023-01-22T22:30:59.060Z,85f12dcf3eedebb03789c9e3c25ff807
u9cm2vKWDl91uXUHOoXz,u9cm2vKWDl91uXUHOoXz--1--1vudj.jpg,2023-01-22T22:41:16.324Z,dee6c9a4bbbba901d7c37bd81f41f5a9
hGpj6yeUabXAXpidR4VT,hGpj6yeUabXAXpidR4VT--1--jfqjr.jpg,2023-01-22T22:56:52.931Z,86062d0cf37e3a0389c8910521632709
UWfimAJ3pxIuVHWiTEia,UWfimAJ3pxIuVHWiTEia--1--hshjx.jpg,2023-01-22T23:02:01.263Z,b3cd114b7c81e0b8f57640f914df6075
97v6Ge4zHGlWlxfE6t4X,97v6Ge4zHGlWlxfE6t4X--1--ng6to.jpg,2023-01-22T23:41:33.188Z,e8dd29065c98811ff0525f1ad9ec50f2
xBPbYkDhO8kUwo9wPm4s,xBPbYkDhO8kUwo9wPm4s--1--dumyj.jpg,2023-01-22T23:44:34.756Z,c641a4219d0146862431cbdb8f556344
Nb2SF9eEwBBs2rJPaSjU,Nb2SF9eEwBBs2rJPaSjU--1--8je3h.jpg,2023-01-23T00:01:56.194Z,7af729b9795b09133ad66cc1fbed432d
DQX68hlbOMxzn0GRvqj5,DQX68hlbOMxzn0GRvqj5--1--h5v81.jpg,2023-01-23T18:31:06.415Z,d765a50917dc2e35746b4347006a18ff
1wmLCerd3I6XVU9Jq5GT,1wmLCerd3I6XVU9Jq5GT--1--1sung.jpg,2023-01-23T20:30:42.569Z,1e719789ac223e79e084292ca52a052f
3hUCTylDcFqO6vjozU90,3hUCTylDcFqO6vjozU90--1--wwvxt.jpg,2023-01-23T20:34:32.180Z,45db5aa2105960a0044263bebde2605c
gX0aCpRvGNTezEc5dtW4,gX0aCpRvGNTezEc5dtW4--grid.jpg,2023-01-23T20:35:47.959Z,c0c352c081e2c962b385a70342e62dca
e9sE3YmbbRxX5kWpPUPK,e9sE3YmbbRxX5kWpPUPK--1--6xc2o.jpg,2023-01-23T20:37:37.068Z,9d3a2b06d7b7a816754b1213f29ab41a
IweBb8yGOhdTN0eQ3FZi,IweBb8yGOhdTN0eQ3FZi--1--i48z7.jpg,2023-01-23T20:40:15.362Z,d01631fe719f3b3b575304d8ae9b2da5
orlhEnRqk0Ikklca3sYb,orlhEnRqk0Ikklca3sYb--1--7pfl3.jpg,2023-01-23T22:38:58.717Z,59f91c548e6cf6a93c66931dee8c87f8
F5DwFbaN306VH5lsOpXT,F5DwFbaN306VH5lsOpXT--1--sx2fc.jpg,2023-01-23T22:57:24.899Z,cff05bc9cf7f0a1d02b8c74e7b7b6328
wtWPFHCgJ0RjFhrE7bU5,wtWPFHCgJ0RjFhrE7bU5--1--9pmt6.jpg,2023-01-24T00:18:39.520Z,18aeb3212d5b04e5f5b869f12fde8695
EKrhf70RZ4zNTWOyzQHJ,EKrhf70RZ4zNTWOyzQHJ--1--uczv2.jpg,2023-01-24T00:20:45.991Z,c6bac761b8903005b34280bf389d4e9c
blDho1cGOdaPSQhi2ELK,blDho1cGOdaPSQhi2ELK--1--qo4ar.jpg,2023-01-24T00:22:06.851Z,dac2451863155433d6fb8c32af2df04a
K1nKCPA9uLsjiZL3LPsb,K1nKCPA9uLsjiZL3LPsb--1--s8prl.jpg,2023-01-24T00:26:03.278Z,1bb9b481cd0ac63da21a41f8b578e910
ufj5CJfHalX32DLp0KIS,ufj5CJfHalX32DLp0KIS--1--hqso9.jpg,2023-01-24T16:57:19.403Z,cb27f3d5f142bd767f71773f949d8cec
aYWBHEstWN6WBJb18ozw,aYWBHEstWN6WBJb18ozw--1--o9gjq.jpg,2023-01-24T16:58:07.741Z,65dbbc1e4333497ea515027c3e89bfb7
mNhE83owOme00kUi0nd7,mNhE83owOme00kUi0nd7--1--wfzgj.jpg,2023-01-25T01:25:50.947Z,1aadd5ebcb1595f433e5f338435ad107
HTuWXv6vuHBYkTO56s7h,HTuWXv6vuHBYkTO56s7h--1--hjjij.jpg,2023-01-25T01:26:50.923Z,f5e2b47f74ce2923940b88a15d48c412
t2EdEf9v2FBYffk4hwuy,t2EdEf9v2FBYffk4hwuy--1--pwhjg.jpg,2023-01-25T01:27:30.467Z,f0dbf7aaffe8e655214fdd1829f3f839
clJRQNkJOOLyLBSasYNW,clJRQNkJOOLyLBSasYNW--1--3q6m4.jpg,2023-01-25T01:27:56.369Z,f76c92e2c0138bd7228fb047c6bc8e6f
DPTV8c8IMZiHQHgr2agF,DPTV8c8IMZiHQHgr2agF--1--iidiq.jpg,2023-01-25T01:28:07.069Z,e4890dfbfc583c362ee157b7004b6c0c
rM6OsAmUBqOUhUh0I9Pj,rM6OsAmUBqOUhUh0I9Pj--1--dcim7.jpg,2023-01-25T01:29:34.212Z,110f3cde99ba5e2a44808fc1800e5417
81JtB9oO6oLLIaJ57xvf,81JtB9oO6oLLIaJ57xvf--1--tka0l.jpg,2023-01-25T01:41:24.968Z,ef97df8e33c60310d3fbe3c58bd707b3
oC91IqvDelOdFHkzBiuJ,oC91IqvDelOdFHkzBiuJ--1--ihgpl.jpg,2023-01-25T02:05:10.853Z,8166a23c168cab5971e77677d378298d
qwXzlwqrIpqcvUZscMaD,qwXzlwqrIpqcvUZscMaD--1--v6j32.jpg,2023-01-25T02:12:35.622Z,edc236be68fabcba216815331f9401c0
U9fl2TxHvKfwE5AiD730,U9fl2TxHvKfwE5AiD730--1--ejvoh.jpg,2023-01-25T17:06:07.002Z,96f3d113589c43ecaffeea198528ac67
3WUlvgqlkhxAEWMTdiux,3WUlvgqlkhxAEWMTdiux--1--39m07.jpg,2023-01-25T17:09:23.039Z,806890a76508b31c77abe3a4d5c5a4c2
YLW7m4upv4ACMZOnOl1W,YLW7m4upv4ACMZOnOl1W--1--biuyl.jpg,2023-01-25T17:20:07.349Z,95d79725527206b3c736ff8882378618
ukG88a6BCpVmxIXvEqnP,ukG88a6BCpVmxIXvEqnP--1--pahr2.jpg,2023-01-25T17:22:47.171Z,f0e1a2f353ba86a1afb67cd86ab48023
Bvmg98vhfdT2zX3kYObP,Bvmg98vhfdT2zX3kYObP--1--revzs.jpg,2023-01-25T17:23:17.558Z,a06b336b99dcaa6886683d16a592271c
mfqGEkBoK0ZcfWSIElmj,mfqGEkBoK0ZcfWSIElmj--1--ierrk.jpg,2023-01-27T20:07:11.457Z,261c956e6072ebdfe62d40f30013b3f5
S4RujkaclD4zogIltNAz,S4RujkaclD4zogIltNAz--1--oum7k.jpg,2023-01-27T20:08:24.564Z,5ad7ee08df056ddaf996febea57a1ce6
eLTA5IJG39C19sFp9QUf,eLTA5IJG39C19sFp9QUf--1--zzzsp.jpg,2023-01-27T20:18:12.118Z,4f6d3835d20db4bb9e8a3815161dc77a
6gnsZ8gIYzgTwm0d6pEI,6gnsZ8gIYzgTwm0d6pEI--1--z7vkm.jpg,2023-01-27T20:18:40.930Z,950fc64a4de260359b4fbd7223a1967a
BhlOdxWPnpYucgwXNmyS,BhlOdxWPnpYucgwXNmyS--1--ckov6.jpg,2023-01-27T20:19:47.226Z,7e10c6ce3f9cb3cf3b5536699edbb34f
61ImgzzAttk1ozr5zqEO,61ImgzzAttk1ozr5zqEO--1--6f3fc.jpg,2023-01-27T20:23:42.206Z,0670ac79ebddd232773cc932af31346a
cUoT8k2givM3wAZe6fPL,cUoT8k2givM3wAZe6fPL--1--0lvjp.jpg,2023-01-27T22:23:48.005Z,bc4a9166fb8fb0a50e2884e0bcb2b2bd
UqiWPPUbssVAj0IqlQ6m,UqiWPPUbssVAj0IqlQ6m--1--wn84i.jpg,2023-01-28T01:19:13.357Z,c09f4d1d0a1ca34368a3eff15acb6906
zXRBO4uZT26gtUwXt27D,zXRBO4uZT26gtUwXt27D--1--0mixf.jpg,2023-01-28T01:55:49.753Z,391795c17e75f4254b31730a13d5f3e2
vtWP8hQZBuHnmDQO6toI,vtWP8hQZBuHnmDQO6toI--1--0ewo5.jpg,2023-01-28T02:07:41.074Z,296d8fe53099b25c7cbde5144191bf94
Wgxgspt4vHmrIfSzUBIJ,Wgxgspt4vHmrIfSzUBIJ--1--k5afy.jpg,2023-01-30T15:37:18.321Z,94a8991ef2ca5d29ef67a39cf8e94e65
FtVolVlEJA6sxLctDI8c,FtVolVlEJA6sxLctDI8c--1--uopi4.jpg,2023-01-30T19:50:52.083Z,0477d845eace9c7000fae43207181c27
OjlpPxj1Agb8SQU0iLTc,OjlpPxj1Agb8SQU0iLTc--1--ctjv3.jpg,2023-01-30T20:08:50.760Z,23de888bed9f6ff0f8a73678ef376c1f
N7iDc4tAf1gGSju8X2UK,N7iDc4tAf1gGSju8X2UK--1--03ztl.jpg,2023-01-30T20:12:15.850Z,d9cfbcf613639ec2be3755a840e9c9b6
8DfeJ6sQoEo43Ux0jf4y,8DfeJ6sQoEo43Ux0jf4y--1--oq3dh.jpg,2023-01-30T20:29:08.868Z,fb309d501a6b69b14ce0a0210472638d
mXZylfMLekhoJOPWZNOQ,mXZylfMLekhoJOPWZNOQ--1--xvxoo.jpg,2023-01-30T20:29:50.609Z,acfc10ec48cb142ff25a6571eb1dd645
oUosceUo3O2ep7RqGUbB,oUosceUo3O2ep7RqGUbB--1--j8wgf.jpg,2023-01-30T20:30:37.184Z,e455ddb64d8b11a4d900b36ee1439009
Ge77jZM3p9a3FzWJqEQp,Ge77jZM3p9a3FzWJqEQp--1--aozjv.jpg,2023-01-30T20:37:30.066Z,b0bd5838e903f3a155215e46523c601c
Af9KPFU5tukFPxaYsjO4,Af9KPFU5tukFPxaYsjO4--1--52u60.jpg,2023-01-30T20:39:40.419Z,a2ef878597328f58049f7740446b9933
1FuNE1Y1ta027eDGCVvF,1FuNE1Y1ta027eDGCVvF--1--m0ahz.jpg,2023-01-30T22:06:31.116Z,784a9d52306763efd297a6d86b212207
PFdHRmkv9Fej7c4QkrwZ,PFdHRmkv9Fej7c4QkrwZ--1--60b6b.jpg,2023-01-30T23:50:33.704Z,2e2ac7a403e0a9f60b731dbb5a0338ae
7QKpLw85fHfcsDzJLA0q,7QKpLw85fHfcsDzJLA0q--1--3ob6d.jpg,2023-01-31T00:03:47.536Z,d8828a2970bc0ef4fd5aea20ef24cab1
LmeEXPczFKDlW6tj5JTe,LmeEXPczFKDlW6tj5JTe--1--5zya4.jpg,2023-01-31T00:16:49.460Z,2534891b54364f705e34281a805e0206
j2bgoToT1Svf8aA1crY4,j2bgoToT1Svf8aA1crY4--1--ogp3q.jpg,2023-01-31T00:24:48.242Z,01b70c01e4d1f4d2320c8da18dc039cb
4cNpeXrfRe5vZjpbEcrG,4cNpeXrfRe5vZjpbEcrG--1--hp3xf.jpg,2023-01-31T00:42:33.350Z,21ce2ff2ac28db677d8b977c32f53f8d
kyJZGEk7hl3k6Fe9Hhba,kyJZGEk7hl3k6Fe9Hhba--1--73bh4.jpg,2023-01-31T00:43:12.151Z,590fa27f3e55896e26559b9915e40a61
VoU6m1SnDGUPHbiRXZKa,VoU6m1SnDGUPHbiRXZKa--1--c14gj.jpg,2023-01-31T00:43:43.655Z,ed61d42f9943403db3fbc0467adec998
1g8CLb6qA0ktfIYMq67X,1g8CLb6qA0ktfIYMq67X--1--i70tm.jpg,2023-01-31T00:48:03.465Z,d5d43c1bd9b80a2c646c5332bfa2f794
4afcE5ZW4YSfsQWoYuFL,4afcE5ZW4YSfsQWoYuFL--1--7v2g3.jpg,2023-01-31T04:29:30.363Z,8bc1bce5379af5b0e2f13ddf41026c80
TxKYsNcuwoIeowWARRps,TxKYsNcuwoIeowWARRps--1--elj78.jpg,2023-01-31T04:41:00.749Z,c9c51b27564263624ed89295e278062a
z4aDJFHpQg64HyFi8Ppp,z4aDJFHpQg64HyFi8Ppp--1--sk1gl.jpg,2023-01-31T04:44:22.857Z,ebd47b3830200b02108a8a1200b1e066
qSiB7vCJpvWInD2A55n9,qSiB7vCJpvWInD2A55n9--1--w739m.jpg,2023-01-31T04:46:42.534Z,0fdb603d0906a95da4a272ad038da1da
zHqQSXPMUOTroCLXX0ru,zHqQSXPMUOTroCLXX0ru--1--u1syw.jpg,2023-01-31T04:49:33.076Z,4b472087917a4cae856a1cb1832f2c2d
RzAP8TVteYkA824XJQLy,RzAP8TVteYkA824XJQLy--1--o7kxn.jpg,2023-01-31T04:57:45.358Z,454756911e0fd56af24b1d692a44b466
fBq38EBsHCLH4U0XGAli,fBq38EBsHCLH4U0XGAli--1--qvxrs.jpg,2023-01-31T05:04:18.831Z,11a2074d560910db49711cf9f6eabf2a
1Gy5Cc1AkQQVJNTLuoYJ,1Gy5Cc1AkQQVJNTLuoYJ--1--0fhjp.jpg,2023-01-31T05:07:26.619Z,a405e9a451f0db5e7b9e4128cc0f4abf
fZh4W7Mxs2eM5o9STa9s,fZh4W7Mxs2eM5o9STa9s--1--sr8r2.jpg,2023-01-31T05:10:22.942Z,abcdeb82e6703ba25c533fa228605ee1
V0hP5HPVAwPVCF85eZPD,V0hP5HPVAwPVCF85eZPD--1--jm00a.jpg,2023-01-31T05:12:21.772Z,d2546ce8c05a8ca109f19570d8cf2864
MmV4B2m2jDN4viai52zW,MmV4B2m2jDN4viai52zW--1--ygbkq.jpg,2023-01-31T05:13:14.053Z,63e3a1db046e7901c02b5073e040c131
Tf7t3Ff2rqdq3QOwpwkl,Tf7t3Ff2rqdq3QOwpwkl--1--ih54n.jpg,2023-01-31T05:25:03.861Z,0552abce0dbcbce3b44ff240f7cd8ba6
mugCUTYHP6Zrh4goUZhS,mugCUTYHP6Zrh4goUZhS--1--devbx.jpg,2023-01-31T05:27:08.187Z,cc81ac78f435db6d26a665139d42d795
8chaEyQtaWmEsgrRFuC5,8chaEyQtaWmEsgrRFuC5--1--ic5fy.jpg,2023-01-31T05:29:31.788Z,f21a3265fe1e8c0e73dbf324c575cbf5
MUpv8LPLKr4zu8UxCnxn,MUpv8LPLKr4zu8UxCnxn--1--a2n9r.jpg,2023-01-31T05:31:17.936Z,c57cb379c6af017568e94d4b9682baea
5wClUaa24AXOXofqihhN,5wClUaa24AXOXofqihhN--1--ib9de.jpg,2023-01-31T05:33:35.412Z,9bb39c7908e50e592f6074f75561214f
CAHcJR7F1hdHwsD5jq7K,CAHcJR7F1hdHwsD5jq7K--1--gvurk.jpg,2023-01-31T05:35:05.230Z,b3024e8ade50247557422bc832d327f3
iN6Gmh2CZ1kf2SXZcubm,iN6Gmh2CZ1kf2SXZcubm--1--jkm9r.jpg,2023-01-31T05:41:30.130Z,9020b7d5a51cfaa558bf4d30a2da877b
YDi4okRmUojhdSx21fsq,YDi4okRmUojhdSx21fsq--1--93l6k.jpg,2023-01-31T05:44:38.464Z,ff43dee42c9e98f2c021be71dc7e443d
wtAToXliEOzMWy87Y6GU,wtAToXliEOzMWy87Y6GU--1--s2x3s.jpg,2023-01-31T05:46:43.937Z,de0239f608aac3a4afcf6cfb39863fda
jqAaU8MlAOZZ9AwdYWGt,jqAaU8MlAOZZ9AwdYWGt--1--w6uw9.jpg,2023-01-31T15:49:50.758Z,92ac22a8ff3eecb9a7a9ccfa532e86c1
kzUJ6W91uamQyA6yQNTx,kzUJ6W91uamQyA6yQNTx--1--aaldo.jpg,2023-01-31T15:56:29.016Z,41236ec7c4b4b00c1510b84eed7db943
6FoULZTo5xS8olZC8nxz,6FoULZTo5xS8olZC8nxz--1--60fn4.jpg,2023-01-31T16:03:02.532Z,947b3afa4c61c264490bf203d9b60162
FuW7ZwC7RKEiZ65bYx0S,FuW7ZwC7RKEiZ65bYx0S--1--kzof0.jpg,2023-01-31T16:07:56.552Z,a1ea38832dc03ae2706dfe78bc3b3ae7
1y9VRxrozBCdsJNiAIDr,1y9VRxrozBCdsJNiAIDr--1--m256h.jpg,2023-01-31T16:11:02.055Z,81b441469dec94e6c93e34613a659af1
drjuS9dJ2LSxeDiTh4A2,drjuS9dJ2LSxeDiTh4A2--1--ygnqs.jpg,2023-01-31T16:12:06.856Z,95f1aecf3c27ab7d541b850ff5566488
HaVzSCntG3qo9jMw6hZ6,HaVzSCntG3qo9jMw6hZ6--1--9qfi5.jpg,2023-01-31T16:19:54.963Z,274d783e469c4d74efee1ece198f5ba2
6ccF4evzVlBsgqcmijAy,6ccF4evzVlBsgqcmijAy--1--8k5fe.jpg,2023-01-31T16:23:13.060Z,1ff1e69385bb214e6afc94fe75c0983d
RJzJVAGDN8sP2XF9kR7S,RJzJVAGDN8sP2XF9kR7S--1--100sm.jpg,2023-01-31T18:14:50.829Z,d289de54be078715730b40301c2a7a1b
axiOH95hJZgEaQkRLdSq,axiOH95hJZgEaQkRLdSq--1--reu1l.jpg,2023-01-31T18:34:58.234Z,42d0df79ff927949eca25e88efe91572
8PIXZhn1tiijb6991cT7,8PIXZhn1tiijb6991cT7--1--6fwbi.jpg,2023-01-31T18:40:56.360Z,1692954c9b01cb2a83a5bc7330d64995
cecZIoi7qOEbRmlDCDPZ,cecZIoi7qOEbRmlDCDPZ--1--ygsh1.jpg,2023-01-31T19:52:24.665Z,94804e514b3609d1a5a258c65e7edc02
ZbW7DgdMqOusibD825Z6,ZbW7DgdMqOusibD825Z6--1--r26ao.jpg,2023-01-31T22:10:49.559Z,c70ea7e4b77e4e790ff3299506853656
zp5PgfkWuDiKvqVoirOH,zp5PgfkWuDiKvqVoirOH--1--np47l.jpg,2023-01-31T22:18:10.921Z,f7edd373ea81693c1b1ebd66674ef9ee
9y5NH5fn56tIVsXIcSeT,9y5NH5fn56tIVsXIcSeT--1--qe7sj.jpg,2023-01-31T22:23:32.343Z,94799438b47d38b97fcb627ab5534eb3
ljhqaOrNeq7iv3U7XUDG,ljhqaOrNeq7iv3U7XUDG--1--kfvp3.jpg,2023-01-31T22:26:09.544Z,5c7dccc6f5770dbed25a7b5523c7b0d7
aJ88CXB8hNh8amZEY6sj,aJ88CXB8hNh8amZEY6sj--1--k5lhp.jpg,2023-01-31T22:27:34.726Z,bbaf217ebc8642fe96b5e84bc09730fd
ov6hyAspN7Qitw2igwWN,ov6hyAspN7Qitw2igwWN--1--ikwut.jpg,2023-01-31T22:34:38.729Z,ccfcde0b8b7cd4b3b5eb7b06502e501a
luxiihPTVOonxHJqpDIL,luxiihPTVOonxHJqpDIL--1--e278s.jpg,2023-02-01T01:08:05.750Z,87f6903d09b38f9f3a983b9e4b022b91
ZaNtEcM5grmjq4wkvAYS,ZaNtEcM5grmjq4wkvAYS--1--fmdcz.jpg,2023-02-01T01:32:22.369Z,ce028ef8ce2425536da89164ffc507fe
PtSXpvhSlySGvBDiHC4X,PtSXpvhSlySGvBDiHC4X--1--ml7f3.jpg,2023-02-01T01:35:53.509Z,352bf3d42f9fb3fd58e65b27ea9bd28d
Kh7QWV9yXSRuLmifW45F,Kh7QWV9yXSRuLmifW45F--1--13upk.jpg,2023-02-01T01:36:49.879Z,ed70a4d4f4744c7e5006051c04968342
N2lxv1rOXEwtLJn8ADio,N2lxv1rOXEwtLJn8ADio--1--cjopy.jpg,2023-02-01T01:37:51.792Z,157d30042d28e8b06cdd506c2c2184ef
hIoOZIKMuzdtU7bN3yag,hIoOZIKMuzdtU7bN3yag--1--o1rod.jpg,2023-02-01T02:49:19.179Z,d4694b47701e2eaed5fdb9ce2538dcc2
UZ87c2S4qGkQIdgJdt4G,UZ87c2S4qGkQIdgJdt4G--1--b5xq0.jpg,2023-02-01T03:12:19.760Z,7a2f5aa7484ce2c36c907ac69b33b7c9
VgMETftF0CEXUJ3k9GMy,VgMETftF0CEXUJ3k9GMy--1--dv5z3.jpg,2023-02-01T20:33:02.956Z,7644d0ac3f163891249d96af69b3bfb1
aaJV501ZvjyEKEmQtrP0,aaJV501ZvjyEKEmQtrP0--1--qggcy.jpg,2023-02-01T20:36:42.231Z,06d747e3a7bc8a6d56d531d511cb5441
w5DGOPmBsXt5VvpXiq1Y,w5DGOPmBsXt5VvpXiq1Y--1--tqqly.jpg,2023-02-01T20:38:56.448Z,cb2e541edc2d7935adae4e8e8b979cfb
xpamFo5NRojpHpbIpNz1,xpamFo5NRojpHpbIpNz1--1--z0772.jpg,2023-02-01T20:49:45.374Z,1c0607d003fddef6ed52cc7040fe185e
ua0pQ50vQrstej4uqmXd,ua0pQ50vQrstej4uqmXd--1--ggjgw.jpg,2023-02-01T20:53:44.353Z,a0cedc083153654fe8ebcfc0873e8a7f
jEqrFHpjZD1GojO8LLip,jEqrFHpjZD1GojO8LLip--1--u79xm.jpg,2023-02-01T21:03:12.470Z,9cd6d25c6a916ec5b79758e1f84ea1c9
vhF4PNpz2GgZb9Z0VGva,vhF4PNpz2GgZb9Z0VGva--1--vi51n.jpg,2023-02-01T21:19:44.800Z,c706bbda47e053eff7f150401040dbb1
fEPAOEmBEPLTI764yyHW,fEPAOEmBEPLTI764yyHW--1--ie708.jpg,2023-02-01T21:24:04.026Z,c5e2fee36850a620630b7a96f4f04222
Fz8xqVwqzPPuPi2KiUVq,Fz8xqVwqzPPuPi2KiUVq--1--rwtcv.jpg,2023-02-01T21:27:31.339Z,1342015f7b69ecacdc103004058009ec
XVAMAzvJJbvTeHt67MRk,XVAMAzvJJbvTeHt67MRk--1--ktdm3.jpg,2023-02-01T22:22:11.455Z,cd5ec1259a7718f305493f09c19d72ef
ciSsSllX5eovQvJqBpVd,ciSsSllX5eovQvJqBpVd--1--i7wik.jpg,2023-02-01T22:28:54.139Z,7036f26e1ce4ab92bf503000f1cc2cfd
DMvgbe0bcXWgWTZYNTju,DMvgbe0bcXWgWTZYNTju--1--o1uwe.jpg,2023-02-01T22:56:10.876Z,8b2df319a51523961935286871d29ac7
Xji0ZkZW98dzeR1tt0m8,Xji0ZkZW98dzeR1tt0m8--1--0flrj.jpg,2023-02-02T00:39:48.385Z,647404b2f8739eec0d3d8cf9c5fa479d
T2vXRp1jrp3sJ5w8IKU4,T2vXRp1jrp3sJ5w8IKU4--1--147iz.jpg,2023-02-02T00:46:50.328Z,ea1c6beaa7020f2887a9d609b9493603
jk5HnR55WAcm7NSwUCNL,jk5HnR55WAcm7NSwUCNL--1--djqk4.jpg,2023-02-02T00:58:58.797Z,f63b77e447c0088d8ca9500fa4eb94c2
gsLX98MmhBzEP5NIJGXK,gsLX98MmhBzEP5NIJGXK--1--76c00.jpg,2023-02-02T01:02:37.621Z,8bd3a0f07a27a392bcba4f355275ee21
3tt6AjdZrArDY8eDFlpV,3tt6AjdZrArDY8eDFlpV--1--vy45k.jpg,2023-02-02T01:07:43.541Z,7eda38ab77a4ed55501c115bc440ed6b
WwKe1b2qjF7AAEDp4p9C,WwKe1b2qjF7AAEDp4p9C--1--r4z84.jpg,2023-02-02T01:11:33.756Z,ea973165d980ed343a45b4969f7824a0
XONHFcsM1aqFis99Y1qZ,XONHFcsM1aqFis99Y1qZ--1--5x50c.jpg,2023-02-02T01:18:56.103Z,f0d1a3e55570317b0de8d3c9e51af341
1Tn5CRoPx0fJMTjgDC4d,1Tn5CRoPx0fJMTjgDC4d--1--rqb0t.jpg,2023-02-02T01:23:33.414Z,5ba9d7667f8859d0210ce45c555633e5
9JzZSv4kvffIvLuSHI23,9JzZSv4kvffIvLuSHI23--1--e7xai.jpg,2023-02-02T01:26:39.888Z,3a5ab4f4e26d3a18f3b5872ded0647cf
P2Co4KYB0vi1laOyENT8,P2Co4KYB0vi1laOyENT8--1--gtt4u.jpg,2023-02-02T16:51:03.440Z,c02bb7646d9c2a191eb8ab1a2abfd7c4
dDcXUPvBMBubCUSs6mcP,dDcXUPvBMBubCUSs6mcP--1--3zueg.jpg,2023-02-02T17:02:06.155Z,f7c5e816577e4608f3cf8c84e8f1961e
SHfmYG0jwRqHY9AZ1xYc,SHfmYG0jwRqHY9AZ1xYc--1--z62o9.jpg,2023-02-02T18:33:29.226Z,d7f611ab16663a5c9af7490fa1f7d236
VoX1VVFia3ENZlhzRLpy,VoX1VVFia3ENZlhzRLpy--1--fem2u.jpg,2023-02-02T18:42:41.080Z,840fff96021e3dc680dcab9c98f40809
eYlH1j3hsc67n4O1hnpZ,eYlH1j3hsc67n4O1hnpZ--1--189dy.jpg,2023-02-02T19:01:43.982Z,c88b3235e3d9cbbcc55ad9b774a7612e
vz4gOEqZoyft3WmDoENX,vz4gOEqZoyft3WmDoENX--1--hlvru.jpg,2023-02-02T19:09:52.572Z,e626e602d60bca527f3cc792f816c063
0hudWbBhLumQV1Y8dvRd,0hudWbBhLumQV1Y8dvRd--1--ww11r.jpg,2023-02-02T19:11:37.470Z,f03079c50df1bfe74405fb1e6aae502f
3MzcV1EIJiy3iMdlll15,3MzcV1EIJiy3iMdlll15--1--xky3m.jpg,2023-02-02T19:17:50.040Z,0a22dd9d412d71c6d90c5dd920aa0ef3
3MoXvxypCgdhF53lkbCq,3MoXvxypCgdhF53lkbCq--1--tkhof.jpg,2023-02-02T20:20:42.335Z,0baeabdeea335f94fb3df2724618d819
9urWTCwmZWkFOPcMeU9Q,9urWTCwmZWkFOPcMeU9Q--1--t1eqt.jpg,2023-02-02T20:38:56.556Z,4ac41bc1cea0c65cc022d97e58ac6030
oRrEcu9ZTAsfx8OpEd5l,oRrEcu9ZTAsfx8OpEd5l--1--ob0qn.jpg,2023-02-02T22:49:14.027Z,4d63646d1ec7636b8b1774f6a906db3b
KyPHUWdtvuy96JVgWmTC,KyPHUWdtvuy96JVgWmTC--1--m22ef.jpg,2023-02-02T22:54:50.396Z,b1fa1a0e86d1a240f64ee5488083b4e0
vCMpiXUk0aSSX0xiYips,vCMpiXUk0aSSX0xiYips--1--ira8c.jpg,2023-02-02T23:35:40.191Z,dc6a1aa18acb27b7c0c1df80d00c8ff1
oOJYn6A5EwdPctsMfx1y,oOJYn6A5EwdPctsMfx1y--1--gl2ii.jpg,2023-02-02T23:59:01.687Z,b25bcd37b448236fddf31455c9e3f71f
ZD6G3ErzCQjP6lFycyhE,ZD6G3ErzCQjP6lFycyhE--1--up3ie.jpg,2023-02-03T00:20:41.423Z,a25f8df922501d1d0b05917f6bccd7cd
tpPWgCxr55S1UW87IkWI,tpPWgCxr55S1UW87IkWI--1--4pmrz.jpg,2023-02-03T00:53:04.358Z,449aee6fe3ccfe41b17ccd0ab104eb5c
WZ434D7zGNSmbg8frBzE,WZ434D7zGNSmbg8frBzE--1--kc70x.jpg,2023-02-03T01:30:13.519Z,a99d5c6357f5c3c1b36473278528be8f
od2TjrnO3rCDa3REUEeI,od2TjrnO3rCDa3REUEeI--1--wjd98.jpg,2023-02-03T02:07:00.087Z,d03f0ccc364e7809b5ec0137d4c8c552
05AFEt30AnUucR4RJ0Bl,05AFEt30AnUucR4RJ0Bl--1--6nbsu.jpg,2023-02-03T02:21:52.930Z,cdfa4beb9ec7e21e4e1a28b076c11f5c
Tzn07uPEPFuIxuz1dOaH,Tzn07uPEPFuIxuz1dOaH--1--6ymx7.jpg,2023-02-03T17:27:35.566Z,b1162f30b8aeaf5ed923d0cfcfb3c410
a44ThxrJ6RVIGFo7cVmL,a44ThxrJ6RVIGFo7cVmL--1--zzt75.jpg,2023-02-03T17:35:50.237Z,ab788f230eebaf82c1a2042402af421b
n6oJyHbRFHoSN4amHVRj,n6oJyHbRFHoSN4amHVRj--1--g0heo.jpg,2023-02-03T17:47:12.805Z,0656f133d78fc50fdffc43641ac0db0b
H7F2wA8rTkB9vpEGiLWf,H7F2wA8rTkB9vpEGiLWf--1--ypwfi.jpg,2023-02-03T17:51:11.867Z,b8be45f5d0afcb84ca33a7717a311e22
ZL2VbtCKDMEaLZjIxWrE,ZL2VbtCKDMEaLZjIxWrE--1--u3f70.jpg,2023-02-03T17:54:20.138Z,66f758ca59609d60c8eda676d87f5af1
3OEedwvvm2M1Ns3ZbFAA,3OEedwvvm2M1Ns3ZbFAA--1--dt4s9.jpg,2023-02-03T18:20:08.045Z,65804c58f7dbd32bf0a70cde9f40ca85
udNiMXJJK3uUBI9MoQjf,udNiMXJJK3uUBI9MoQjf--1--bl1dm.jpg,2023-02-03T18:33:02.334Z,8a9e49bbd0d6a4ca79bdff48c2d2333f
EUsp4hzVw99nWPwUZq4J,EUsp4hzVw99nWPwUZq4J--1--abrq3.jpg,2023-02-03T18:40:22.439Z,33dc3606aba361ef2344e6aece698f65
jpOXbBCOlrGvnM8syzS9,jpOXbBCOlrGvnM8syzS9--1--0gbvy.jpg,2023-02-03T18:42:06.640Z,c7bff5ba90c6c355343df135445e2ebc
ZXkD96zdxjXBYU44nwhb,ZXkD96zdxjXBYU44nwhb--1--bzrca.jpg,2023-02-03T18:42:33.685Z,145dd361a2077732a69ad6114731003d
6RSXQcQcGwDBzDcIjZyA,6RSXQcQcGwDBzDcIjZyA--1--bst4n.jpg,2023-02-03T18:45:20.770Z,cb515b9dcc3e8299d6393a248523936f
1sfXLkTlTJZlpP8G5uBh,1sfXLkTlTJZlpP8G5uBh--1--i0buo.jpg,2023-02-03T18:45:48.697Z,47929cd7451a33334c2e858b09585d08
0HObfMrbb7IlQ43dfqq2,0HObfMrbb7IlQ43dfqq2--1--7r8on.jpg,2023-02-03T22:48:52.004Z,17835b6c18fd58f60b8bfdd66b88dd2f
ZAwadsdRzYXdVauhwAgI,ZAwadsdRzYXdVauhwAgI--1--fti0h.jpg,2023-02-03T22:49:24.799Z,3af7c0da69debf09aaad2902e6625a86
tMcIkXRZeDgIdRoEv3Yx,tMcIkXRZeDgIdRoEv3Yx--1--wpwq0.jpg,2023-02-03T22:54:50.830Z,6f76d293da17f8e42f0fc8b72af095d1
bFrE4W3cCj5DEmurQwBJ,bFrE4W3cCj5DEmurQwBJ--1--6jpkp.jpg,2023-02-04T03:12:45.953Z,d1347596be3f36e917226f9e63d9fbb5
QT2oZsJORMlICbPOGGGI,QT2oZsJORMlICbPOGGGI--1--pvjsl.jpg,2023-02-04T03:14:59.258Z,0359f30f08313cf36dabfa668feb857a
sghTr2bTRX9JiiC52KWS,sghTr2bTRX9JiiC52KWS--1--25gpg.jpg,2023-02-04T03:24:57.091Z,f57abe88f290d0ec1790ad200432241f
RstibGuL8mQvNhSX8GiG,RstibGuL8mQvNhSX8GiG--grid.jpg,2023-02-04T03:26:33.542Z,0d3a6180347ce6230ad06dae41942623
6XiSD6jHYUEFsicfxQHn,6XiSD6jHYUEFsicfxQHn--1--3p4u4.jpg,2023-02-04T03:32:44.740Z,0aa2d97887730481f95ea5d71b40a126
EKxkUj3et3ou581rSCPQ,EKxkUj3et3ou581rSCPQ--1--bco1a.jpg,2023-02-04T03:33:09.570Z,87dae2a180a6e64f2bb96d58c4933cf6
ecpbk9yT5pjrBu10Qd8e,ecpbk9yT5pjrBu10Qd8e--1--xcrf7.jpg,2023-02-04T03:33:31.220Z,ffe8b5e9ba67cf892e33efa6255fdf88
KXJ0Ei5eC2TSPgqt59pq,KXJ0Ei5eC2TSPgqt59pq--1--s1tbs.jpg,2023-02-04T03:33:54.207Z,4c87da1c92c617dda42a2bb9ffa43078
DEzK67ArTCpU1Mk2eMeu,DEzK67ArTCpU1Mk2eMeu--1--zhzga.jpg,2023-02-04T16:39:14.073Z,bdc397cf8440cb77361a543246b83a5a
Ift3PU6s4MUi3B9AkWH8,Ift3PU6s4MUi3B9AkWH8--1--224xr.jpg,2023-02-04T16:41:19.066Z,6ecc93e2ef4dc132b66198ca979fee50
Sfc2y9E2QHwgvgu91rRH,Sfc2y9E2QHwgvgu91rRH--1--6iafl.jpg,2023-02-04T16:43:45.084Z,7b5b091d576442bb128e2f421315b312
BKhcBs4xH6HnIZUiDNlz,BKhcBs4xH6HnIZUiDNlz--1--mu9w0.jpg,2023-02-04T17:05:55.819Z,960dd18f0a6c2341c105e00f141b2864
QZIqiv5QJE8N3GZSKRGm,QZIqiv5QJE8N3GZSKRGm--1--g2uyk.jpg,2023-02-04T19:30:54.665Z,fad0db375f189c4474d1c82e8b0b178d
TId5RBWygQ5fwNEh0yhW,TId5RBWygQ5fwNEh0yhW--1--1llt3.jpg,2023-02-04T20:15:59.375Z,78dd42afbdc9cef10ff32ace5df0aeb4
ohU9GoLmK5HUyW9WBqGK,ohU9GoLmK5HUyW9WBqGK--1--7z0hg.jpg,2023-02-04T20:20:15.224Z,d005f6d57ecadb25dda86c3c541c62f8
jmx4skh97WwObnYKbfaU,jmx4skh97WwObnYKbfaU--1--rx6od.jpg,2023-02-04T20:24:45.280Z,873439e692dd7521f35c261f7ae73d32
W005KeagNKHYmKd5M2kq,W005KeagNKHYmKd5M2kq--1--w2f62.jpg,2023-02-04T23:12:11.598Z,104d7699a3db5a05c98665d32c33b320
gPfPjBONqFCg6p04jg7t,gPfPjBONqFCg6p04jg7t--1--4rh81.jpg,2023-02-04T23:13:27.242Z,1aa8e0c3ccd0f76dd8ba2ee04ddddfb4
t1gWNJ7hZELHxi4AIkf7,t1gWNJ7hZELHxi4AIkf7--1--xgssy.jpg,2023-02-05T00:40:14.635Z,26a5369f423c4c2bcf78aa33b6d99ec1
hHjErGiQAWj7PPNUmIY3,hHjErGiQAWj7PPNUmIY3--1--fhn2c.jpg,2023-02-05T00:45:20.434Z,b4104ea07a6c63d4d824c5d36b03b413
hQNwGCPidjL6E9CCl8Qn,hQNwGCPidjL6E9CCl8Qn--1--ndhfe.jpg,2023-02-05T01:36:04.695Z,1659e3db1458002f7de6c8a110c1f79c
c0kCWDqOqqX9FVCtbNL9,c0kCWDqOqqX9FVCtbNL9--1--tbuo6.jpg,2023-02-05T21:43:48.065Z,2ebcfa75263a3c5760af3d5f24cb1e05
iVQCr2XTl1TLLRTbIzDu,iVQCr2XTl1TLLRTbIzDu--1--t04as.jpg,2023-02-06T22:31:14.411Z,48d02c53c9797599d8b1bcc61ac1ba77
bYHeRdIF6iNcDzEmIHzy,bYHeRdIF6iNcDzEmIHzy--1--ticbi.jpg,2023-02-08T21:40:45.410Z,85053e29441a3a2ef8b6b6ba8b72d823
7bnYS7rZ0Hm6Bs0Jz7bJ,7bnYS7rZ0Hm6Bs0Jz7bJ--1--k7b21.jpg,2023-02-09T01:10:54.215Z,74bed6f3de87eaf65059281a56c6d1ab
qrj225Jq1KP7ZhsK72il,qrj225Jq1KP7ZhsK72il--1--o02s5.jpg,2023-02-09T23:31:43.536Z,242e46a77ffd6c8a51034efab4e3cc82
kqQFlYb41Vx4ZkPdpxeD,kqQFlYb41Vx4ZkPdpxeD--1--nsfz0.jpg,2023-02-09T23:32:19.341Z,5d696ee64ba114d52033b653132b65d2
rnBSFNyNlWNfBNu3udbM,rnBSFNyNlWNfBNu3udbM--1--k066n.jpg,2023-02-14T19:41:02.535Z,2490e53a39d628d7696ffc38e5f8303e
dd0vObVmXKzMxObNCdsJ,dd0vObVmXKzMxObNCdsJ--1--0yww4.jpg,2023-02-14T19:43:25.283Z,c7d4d502bc8473ed79b2684f84f11143
lWURLj0P4j49ORckfaww,lWURLj0P4j49ORckfaww--1--nho11.jpg,2023-02-16T04:34:38.301Z,3f78d895f23293015a15f199d6af0937
XLnH8AaLa1aqAxBZvRr4,XLnH8AaLa1aqAxBZvRr4--1--fscac.jpg,2023-02-16T04:36:40.601Z,c53a910358325be34276c9abcae4cde8
ZA1AsQ8yLJZ5UychN8sc,ZA1AsQ8yLJZ5UychN8sc--1--33a3o.jpg,2023-02-16T04:49:37.921Z,ec518d10ed4a7fdb9bfaee67beb2b023
nIZ8R9gQkIK9vVWItQXz,nIZ8R9gQkIK9vVWItQXz--1--muv1c.jpg,2023-02-19T02:51:01.479Z,ecbd0f5f536afdb6c375d07554bb3947
mbHAHxrYYU3qfUHKMfSY,mbHAHxrYYU3qfUHKMfSY--1--owt78.jpg,2023-02-19T02:51:45.719Z,abc866d73152d2221d15bd58752da7ea
6Db6dZ8e8ZvXGSFE9h4y,6Db6dZ8e8ZvXGSFE9h4y--1--b15q6.jpg,2023-02-20T22:01:31.676Z,ae2bb65280712b3e56b406f7fdaa6e75
9vcL6aIho96Ug9gQ7eYI,9vcL6aIho96Ug9gQ7eYI--1--3bxyl.jpg,2023-02-20T22:02:27.847Z,99f31ee8f8aac09afa4142395929e2f5
tf6Tnh58rAZeFTNiRRZO,tf6Tnh58rAZeFTNiRRZO--1--4r0o4.jpg,2023-03-06T01:40:04.060Z,1712e36c6a35cb45b92fe09624198ef7
lggndYhhIkRxrqD47Dn1,lggndYhhIkRxrqD47Dn1--1--qhn3z.jpg,2023-03-06T01:40:45.864Z,2eb4add1cf204983dd9274a04db45b5e
LXCm1vF9Xaxs0hoN0FxB,LXCm1vF9Xaxs0hoN0FxB--1--5soe0.jpg,2023-03-06T01:42:51.220Z,4473d7b8335c6521b554324551c73646
QFR9JEwrPg3zNyLiBJVS,QFR9JEwrPg3zNyLiBJVS--1--umo1f.jpg,2023-03-13T16:10:25.850Z,88e397e9bcd63abe979c9b58dfb49b85
DLxrFPCTfR4hx3xDRqB9,DLxrFPCTfR4hx3xDRqB9--1--o1yx5.jpg,2023-03-13T16:20:37.623Z,998632fda39e75fd6ecfb666769b4f90
VXcIhOnfd4UeIkH6BYH7,VXcIhOnfd4UeIkH6BYH7--1--gocyy.jpg,2023-03-24T01:20:30.416Z,fe0cc957adc38824fbacd25819c6622a
govDYYL2JRaEkDsAtGKJ,govDYYL2JRaEkDsAtGKJ--1--nl363.jpg,2023-03-24T01:22:23.434Z,bfe1701d3bd6e7b16f29225543610718
ZsYx2WvqgjFyw0HRBnZo,ZsYx2WvqgjFyw0HRBnZo--1--5qwr4.jpg,2023-03-24T01:24:10.847Z,0d558be151b02721ee436125df293468
mQJzhxgn6Ws6PanqUR0m,mQJzhxgn6Ws6PanqUR0m--1--ya5lb.jpg,2023-03-24T01:24:56.081Z,ad14353e114bc8377ac228f1f77175ab
P2MVjv633etheZ5XkAyP,P2MVjv633etheZ5XkAyP--1--fptwr.jpg,2023-03-24T01:29:40.179Z,5a94b5dd4664386fe3b7dcea6702c2ab
Ih8uIJdi1lMbDG8vw5Do,Ih8uIJdi1lMbDG8vw5Do--1--h67v4.jpg,2023-03-24T01:30:33.186Z,e7a3ba577145d609dbbb8686ca2b1746
IQXeGK3hcsQfENfotj4C,IQXeGK3hcsQfENfotj4C--1--63gdh.jpg,2023-03-24T01:48:04.076Z,ff049709517097b9dd0260e9f92f6be5
0SjkN7yrVEBBeq4rBd5V,0SjkN7yrVEBBeq4rBd5V--1--y2tqy.jpg,2023-03-24T01:54:45.433Z,db686da7afa3a48472aad420539663a5
TKarJLInCmICvDxienXD,TKarJLInCmICvDxienXD--1--u8h9y.jpg,2023-03-24T01:59:35.630Z,b1e384d35a883fc399300af00801e1e4
S45ba0Vwh7yQTJj3lhKT,S45ba0Vwh7yQTJj3lhKT--1--tc4w0.jpg,2023-03-24T02:31:37.335Z,ff3da56cb0e00c6d53bafaa924ee0339
ckia4SfdZ2d6QWGWc75e,ckia4SfdZ2d6QWGWc75e--1--aley1.jpg,2023-03-24T02:33:15.226Z,d5a5912c36dfc4bbd0bf8fc9725d9c40
XaDE49DDL6LkItlRwwH3,XaDE49DDL6LkItlRwwH3--1--vmleq.jpg,2023-03-24T02:36:59.168Z,f5e370c357bd63380403a8d27acc6e0d
GSRMvXdwvO6UWxjE0LkK,GSRMvXdwvO6UWxjE0LkK--1--45j9y.jpg,2023-03-24T14:48:39.047Z,cf42f4333ca0f0f42e9dcae256ef9e06
6YQh65RK50Kw82GC7D2Q,6YQh65RK50Kw82GC7D2Q--1--i4ehl.jpg,2023-03-27T00:34:06.692Z,03ae9a71f1cdaf5b5d4c80069d29f4db
laMSCAvglRl0Qw6tLV0G,laMSCAvglRl0Qw6tLV0G--1--z8mpt.jpg,2023-03-27T00:53:42.986Z,f41563e031e1ddc2365a1859a267eba7
D0eixmanWzGTwSB54jaL,D0eixmanWzGTwSB54jaL--1--1in65.jpg,2023-03-27T00:54:47.036Z,3ad0b457b7a31c8a772cfcd29296d8f6
NIGkuvXXgf796NLegQZg,NIGkuvXXgf796NLegQZg--1--4opvc.jpg,2023-03-27T01:18:48.011Z,e62336121ba986e64f1818827c5fad0a
2gfJuYL4e5kxgpfEL810,2gfJuYL4e5kxgpfEL810--1--g6imm.jpg,2023-03-27T01:20:09.015Z,c9ed8cb7eafbc2a22ba58456bcfb7ce0
0tojl47HjPFbOoRTy6iz,0tojl47HjPFbOoRTy6iz--1--8tcyk.jpg,2023-03-27T15:23:06.218Z,0b2d779622aa95c75413a43d6b0c340e
NxVeNeCYI1Xz8jUthM9b,NxVeNeCYI1Xz8jUthM9b--1--4ocjn.jpg,2023-03-27T15:37:21.357Z,7c3d497710d9513fc985f9961c18aca2
V3xER3cr5Py9zhE5f0kF,V3xER3cr5Py9zhE5f0kF--1--k8cgd.jpg,2023-03-27T19:39:13.285Z,5bc63ba0e9e29d4ac53994d2721c6ce8
zAdO7WYupx4OQNUaa9Op,zAdO7WYupx4OQNUaa9Op--1--j16vd.jpg,2023-03-27T19:39:43.145Z,afac5b4c4e1a724c94fbc9562f106327
68gOdrrcdZkN3tXLyNmz,68gOdrrcdZkN3tXLyNmz--1--4165e.jpg,2023-03-27T19:40:24.357Z,1e1cd3fdf572283533023f7d6866c77f
ZADA0g0dDhVUsvjWFM48,ZADA0g0dDhVUsvjWFM48--1--n8mt1.jpg,2023-03-27T23:22:45.580Z,561369fa61f493dda9519ae65a4fa5bd
HGyH78vDkWzrWm7OJuh9,HGyH78vDkWzrWm7OJuh9--1--04i4d.jpg,2023-03-27T23:26:35.966Z,6b56ba77913eee26212627bd3ea376b3
9MlKMj3CXDKAI2BJcARG,9MlKMj3CXDKAI2BJcARG--1--197jb.jpg,2023-03-27T23:27:04.525Z,b3e536ec34edfc77f397b5e79fa353d5
Dopfffk8QsQ08bhSrROz,Dopfffk8QsQ08bhSrROz--1--yod7v.jpg,2023-03-27T23:39:53.919Z,b101a97d1c98c61e66c1864850565760
7NKkboSiUtLT5zpqNb5o,7NKkboSiUtLT5zpqNb5o--1--wnijt.jpg,2023-03-27T23:51:32.048Z,7a769dcd4df1246961ce3307db1753ed
qL1R7osIO4oS3jslyEgB,qL1R7osIO4oS3jslyEgB--1--0lk8w.jpg,2023-03-28T19:52:00.714Z,611aa2459a345b7870a90501823f28c3
hDSC2gB7WjEsWbDrnOXl,hDSC2gB7WjEsWbDrnOXl--1--koo20.jpg,2023-03-28T20:00:48.827Z,fb367de57ba9398f3946ffc602cc15c4
k1u2qVP25Vw8NwP5G0sZ,k1u2qVP25Vw8NwP5G0sZ--1--3dyum.jpg,2023-03-28T20:05:59.302Z,a45bbfcf730405f7b27d2e6dbd7d8ab5
KiuL3kRlutWos15O3r6n,KiuL3kRlutWos15O3r6n--1--bfnw9.jpg,2023-03-28T20:16:41.329Z,053b72795383b8a94690bb43eca4fb11
1YUhs49wBYj3xdkNUOHo,1YUhs49wBYj3xdkNUOHo--1--ogxgl.jpg,2023-03-31T00:23:33.856Z,fe15a57007861de23e6c96632021685f
Ij7Yjspt1RqDcc1cbQn3,Ij7Yjspt1RqDcc1cbQn3--1--lac2e.jpg,2023-03-31T00:29:17.175Z,ca4e6c0cea424a70f9d686b163e5aabe
jI0XM2KKVU3InSODWWd5,jI0XM2KKVU3InSODWWd5--1--emyja.jpg,2023-03-31T00:56:24.861Z,afbf43430420062115206d8d189736ff
hoJzgrsGFoAGZKrW3Wwh,hoJzgrsGFoAGZKrW3Wwh--1--cf8yq.jpg,2023-03-31T01:49:08.143Z,88d489a6b71c0bd804e62043c8d20221
Suwqtbqq7xGPsiMXMMnq,Suwqtbqq7xGPsiMXMMnq--1--92tq2.jpg,2023-03-31T01:52:31.965Z,9b300ea43ac63203e9c158babc3c379c
MGL1LtvYgekf77MGuief,MGL1LtvYgekf77MGuief--1--1ogj9.jpg,2023-03-31T02:03:08.158Z,7a547f28e8904a7d94faedeeb1e6d072
LjR3rVTVvL9L9nF9hl2j,LjR3rVTVvL9L9nF9hl2j--1--ujq00.jpg,2023-03-31T02:07:05.702Z,29c34b40bb8ce37b5b51952329098594
BN6PTCjbtg9M80cQWtnV,BN6PTCjbtg9M80cQWtnV--1--6p063.jpg,2023-03-31T02:09:08.015Z,e44ab330f763724d194bc101d792de5f
Ggy1Vso6D6SiXLxmEsWf,Ggy1Vso6D6SiXLxmEsWf--1--tmref.jpg,2023-03-31T02:16:26.711Z,9c1a5a5a1d88af69b0e8a3b0313ac969
DhlOrDcZGUsNqmGy27cX,DhlOrDcZGUsNqmGy27cX--1--15ag4.jpg,2023-04-01T00:32:50.087Z,9bea48385274747a58908aa07dbb07c9
nso2gOYql93bV8cGqHFr,nso2gOYql93bV8cGqHFr--1--fn7qa.jpg,2023-04-01T22:58:30.785Z,26c88f039b3227638ac232919ed55530
w8Ol5I4wVsl9iVGAALJE,w8Ol5I4wVsl9iVGAALJE--1--0h7v3.jpg,2023-04-01T23:58:56.816Z,e2b288b0359f616c3a701df691a3c6b8
cYx3eyf1Z4v8xLXtplhM,cYx3eyf1Z4v8xLXtplhM--1--5zlpy.jpg,2023-04-02T00:08:22.006Z,ce0800f36be075c95dbadc92d0edc584
HGZKdfyKIqBJTUHRA80f,HGZKdfyKIqBJTUHRA80f--1--lsbzk.jpg,2023-04-02T00:11:38.551Z,75f9d48345b02a16d7dadf26aa2f34a2
PaavynBJpiwVB4jntkSO,PaavynBJpiwVB4jntkSO--1--cfjaa.jpg,2023-04-02T17:25:54.638Z,f2d51772770042b79df802867f981396
NlrRXrofoJKxuSq9Ryhs,NlrRXrofoJKxuSq9Ryhs--1--janr4.jpg,2023-04-02T20:15:41.899Z,4b822b89ecffb3d14c13800461c2f79b
J2XtbMtcms9Anh9xOw0f,J2XtbMtcms9Anh9xOw0f--1--p3i0c.jpg,2023-04-02T20:16:26.201Z,18e85f53ef93a8819224afb9bf12a5a9
lr2GxbzrMyyUYYNiEKtG,lr2GxbzrMyyUYYNiEKtG--1--zxnrb.jpg,2023-04-03T22:51:14.396Z,6893d1d17e9ce325a32ae1ca4f774c64
sCOQVBX1UTBVAofkYWqb,sCOQVBX1UTBVAofkYWqb--1--iyspf.jpg,2023-04-03T22:53:23.298Z,742e3b7210c495eff50547c6e4594252
IBnB6BKwPKP00GfbEeXx,IBnB6BKwPKP00GfbEeXx--1--fau12.jpg,2023-04-06T22:05:18.051Z,049e157922cee13de90ed98a8ef195c5
SNkukypTIeixh7InIg1c,SNkukypTIeixh7InIg1c--1--kirtb.jpg,2023-04-06T22:07:10.132Z,ff0658f400284518c2fe86db432dbf62
qc95T0KAM33uodj6PapH,qc95T0KAM33uodj6PapH--1--luqsq.jpg,2023-04-15T01:03:46.780Z,3032625353f8f1949b384c381f50c3dd
BnjJKfriNjNXEbtLWucv,BnjJKfriNjNXEbtLWucv--1--7tltb.jpg,2023-04-15T01:04:35.741Z,ee11f311ed3c51e4969722b1642d6af9
ItDG76goP8FpATQhevis,ItDG76goP8FpATQhevis--1--xvtw0.jpg,2023-04-15T01:14:06.813Z,f7bbb97a026990b2a28171e858a1c4e8
ia5YVsRxz8r1zKfFByHl,ia5YVsRxz8r1zKfFByHl--1--3i9ru.jpg,2023-04-15T02:08:15.652Z,559012820d050d538760cafd090488d6
8YG1wnh1LGS6EjxKiZcY,8YG1wnh1LGS6EjxKiZcY--1--dyzcq.jpg,2023-04-19T00:27:49.955Z,9ad411d3d91890e0ab487e20344d4819
BndU5bk30w9dsIythorw,BndU5bk30w9dsIythorw--1--tt98x.jpg,2023-04-19T00:35:00.067Z,c400e6abda9e7d42605377c473f80668
jyyzGMQfQ8NoWFcokOBW,jyyzGMQfQ8NoWFcokOBW--1--s0qyl.jpg,2023-04-19T00:44:21.061Z,01e345d427ea97028a578ddab2c6ef0d
g8ZDPq57ellrlFg7yGmG,g8ZDPq57ellrlFg7yGmG--1--qfype.jpg,2023-04-19T00:48:42.136Z,bacb62f1d98efe81eaaf5f9111406c4a
4E9ESnNDBGE6oXJR6SCV,4E9ESnNDBGE6oXJR6SCV--1--k9xqd.jpg,2023-04-19T00:51:22.345Z,2ac1913ec51e9266cce758a2f819c778
9IBnPUi9cBdpirjSyOjf,9IBnPUi9cBdpirjSyOjf--1--cfip0.jpg,2023-04-19T01:09:35.779Z,7f103f104009a4429cddc41cc0bab784
JtuoQsq1k3Q5795Gx3ac,JtuoQsq1k3Q5795Gx3ac--1--ccfx9.jpg,2023-04-19T01:13:54.574Z,ee8c224d4028d4fa04f5b98481fd91e9
qxcLZ316TQrSzXQYRxlD,qxcLZ316TQrSzXQYRxlD--1--cqttk.jpg,2023-04-19T01:17:21.402Z,bccacab3084582813df58a019ee7012f
07HyaGl3WREqeDTYY9TF,07HyaGl3WREqeDTYY9TF--1--0x6af.jpg,2023-04-19T01:24:08.882Z,8e3f0b779fda29ca9746d75eb88a778e
ERZgbjJhrp6JMRUFsnB2,ERZgbjJhrp6JMRUFsnB2--1--zfn2k.jpg,2023-04-19T01:25:10.650Z,01bed93db6f86bd5bcc3887d8c100b63
RQFwVegZLEcwo57nwStY,RQFwVegZLEcwo57nwStY--1--xom1d.jpg,2023-04-19T01:25:39.695Z,a9c860dfbbd1d762a5c372500423b8fa
EHSYBZAVu3A8TA6v2ON1,EHSYBZAVu3A8TA6v2ON1--1--wb61i.jpg,2023-04-19T01:25:58.514Z,8415d5ec18d5e754a911e6e2549ab576
rHWAVE2cBRL32PTwyOpa,rHWAVE2cBRL32PTwyOpa--grid.jpg,2023-04-19T01:26:13.411Z,19308447b4491341a184bff025a723c0
3VGeBPGDna17oi4i0gnN,3VGeBPGDna17oi4i0gnN--grid.jpg,2023-04-19T01:26:51.776Z,932041936749b200dcc2fabc41dabda0
EwPf97u57M9omfyDU6DQ,EwPf97u57M9omfyDU6DQ--1--bnksu.jpg,2023-04-19T01:27:44.477Z,63acea3fa076efc231d2999699f78cbf
CShRHq92wz2nlyHyyE3h,CShRHq92wz2nlyHyyE3h--1--9lvde.jpg,2023-04-21T00:27:50.877Z,842d815aecdb697f5cd615495aeef4bd
q2oDSwV97W7q6DspShRO,q2oDSwV97W7q6DspShRO--1--wgxew.jpg,2023-04-21T00:28:11.217Z,0e0631cc8d39a7add67ea4419bb95a63
tYIZ7LX9B70PuuXKPmPu,tYIZ7LX9B70PuuXKPmPu--1--c3cr9.jpg,2023-04-21T00:42:47.498Z,5c7081e21f6e2eb5a060e0ad763f13fc
U5qU1PUk9YRqNWb83tmi,U5qU1PUk9YRqNWb83tmi--1--qacta.jpg,2023-04-21T00:43:04.210Z,935a643936e435edc28d40d5f1ca70b3
pGbSe5yHhkXIhzTZdyv8,pGbSe5yHhkXIhzTZdyv8--1--8s7cu.jpg,2023-04-21T00:50:34.560Z,5e7649a4b0d565ebc7f871fbc0abefe1
59USk1sNkZJUqS6in1pC,59USk1sNkZJUqS6in1pC--1--zhben.jpg,2023-04-21T00:55:31.503Z,ba9b4a3c972131be25bdaf4eb8989ba1
1ZuJ6eK66i7w7zdUHqO5,1ZuJ6eK66i7w7zdUHqO5--1--5sbfr.jpg,2023-04-21T01:34:38.628Z,bdd56a4248bcf8b3c2e7f8cd6df3e6ea
VxtiSkTnFE1qcJ3LLQCl,VxtiSkTnFE1qcJ3LLQCl--1--wrwpw.jpg,2023-04-21T01:35:03.706Z,c2c8e0a36ad60e9b2d36f46bcfe70872
2PfydlnEqGjTNvI7i4Ql,2PfydlnEqGjTNvI7i4Ql--1--rg8t4.jpg,2023-04-21T01:35:13.621Z,aee75ec5910d63fc4055ec3233ab4698
4unXzbhNjdpBpypsffnY,4unXzbhNjdpBpypsffnY--1--igc28.jpg,2023-04-21T01:54:19.002Z,54b4bca55f17b0e0ebe8d56a56605c70
q2ORhhYYMQxAyDbML0mG,q2ORhhYYMQxAyDbML0mG--1--bl4kp.jpg,2023-04-23T01:34:06.116Z,742c3f170bac69199209863d82d6b9c0
NUL8dingnqI9YuZ9ls8A,NUL8dingnqI9YuZ9ls8A--1--x9d4g.jpg,2023-04-23T01:36:36.087Z,2c88309e289db07c38e582a8aefe6955
qTmmpLWz8D2Z9DanRuIK,qTmmpLWz8D2Z9DanRuIK--1--mvfd8.jpg,2023-04-23T01:37:34.181Z,5acbaf1dce40936a497c7df7cff7929d
gP6qHmOIFAPMB0MI0hYd,gP6qHmOIFAPMB0MI0hYd--1--gj43n.jpg,2023-04-25T21:39:01.498Z,7bb0dcbe8eabcc6e7da43650d8fffa62
8xJFi36VzOBoOSu4tuFW,8xJFi36VzOBoOSu4tuFW--1--o70zy.jpg,2023-05-01T23:57:31.945Z,cd17f5c7bca07f3abfc4f567a8386328
HrwdoVbYb2QhlBuF8raj,HrwdoVbYb2QhlBuF8raj--1--tfr1v.jpg,2023-05-02T00:27:08.706Z,45210bef9466fecb9f049307e7f5afdc
XcLc6c2jY5NQQyDbfzBp,XcLc6c2jY5NQQyDbfzBp--1--xvyhp.jpg,2023-05-02T00:36:47.979Z,123b26e8c4cdaa5bc9cf255a9cffda1e
SQGQfdvuAhBCg9o1tiRY,SQGQfdvuAhBCg9o1tiRY--1--97n74.jpg,2023-05-02T00:43:07.272Z,e615f8d2cc60b980451509103b2ee2f0
N9mDfQTZ2wGv8Gm7eBLS,N9mDfQTZ2wGv8Gm7eBLS--1--o0v0j.jpg,2023-05-02T00:43:52.943Z,8e84b056277e89404f0075aaed0d139d
8zXUPKJcqTZDZ1LAr7Hi,8zXUPKJcqTZDZ1LAr7Hi--1--13tns.jpg,2023-05-02T00:44:09.862Z,cd403664de1bdcf319e714e1000c4170
QE1OU9i7QJGIo1mEkT2C,QE1OU9i7QJGIo1mEkT2C--1--vnxz2.jpg,2023-05-02T00:44:18.208Z,daacc39ff4b493e2da1a62388a69de43
a0PC57jaszLtA1zmu8DX,a0PC57jaszLtA1zmu8DX--1--03ih8.jpg,2023-05-02T00:44:21.819Z,4737c785bf5d344055f2ba84a592c70c
4NYjcLSdTLfkwUedoo6E,4NYjcLSdTLfkwUedoo6E--1--23jhx.jpg,2023-05-02T00:44:24.107Z,c2d1a58c2b302cea829f0a581726f302
b9ecEdWOEG2hKtiEJbtZ,b9ecEdWOEG2hKtiEJbtZ--1--2tina.jpg,2023-05-02T00:44:28.298Z,6d55e78ef0649ae6fe63755106e186ad
KIhhOYQBSrEJi22TiAxQ,KIhhOYQBSrEJi22TiAxQ--1--c64te.jpg,2023-05-02T00:44:29.853Z,a97ae0c224e83206e6e4f045365aebba
g7FsxS6Bkgnp7skdK9gB,g7FsxS6Bkgnp7skdK9gB--1--8ypwp.jpg,2023-05-02T00:44:32.959Z,330c3e82f6411a8eacef103a58cbe720
133AHe5IeGI59clK7C6g,133AHe5IeGI59clK7C6g--1--uv9rn.jpg,2023-05-02T01:43:22.642Z,cea214c75cf85ec0792181dab7477fd7
KVWVJk4tH3yCsvAyPfQP,KVWVJk4tH3yCsvAyPfQP--1--yp9g2.jpg,2023-05-02T19:37:29.421Z,08f1dbc651265edb83c0d711702ec2dd
fV0MQmudhnr9gGO8aAKO,fV0MQmudhnr9gGO8aAKO--1--ftcul.jpg,2023-05-02T19:45:32.056Z,9499b126149cc2952fbae49c3a025851
2RgF9wAR5OrcKjKHLIzJ,2RgF9wAR5OrcKjKHLIzJ--1--m3u4e.jpg,2023-05-11T00:12:47.143Z,084603bc3db5c5d09aa6caa4b3658d51
cicDOyH9YnyhOXyb1Bus,cicDOyH9YnyhOXyb1Bus--1--g75oj.jpg,2023-05-11T00:13:00.608Z,04c22aa71d51f1c19534017ce91bfe04
Fk5nsqCwiuMB2OwcDcvZ,Fk5nsqCwiuMB2OwcDcvZ--1--1dlnk.jpg,2023-05-11T00:13:20.667Z,43789d05e780bb5f0b6b42f2e4092408
qgTzE7wyBsHLHAJwPDwO,qgTzE7wyBsHLHAJwPDwO--1--sjsid.jpg,2023-05-11T00:13:30.778Z,7e31d3ee4075415c61a704cfcf33151e
RLnfKdXdqJOjKjouZ1Wz,RLnfKdXdqJOjKjouZ1Wz--1--mmmv2.jpg,2023-05-11T00:13:38.755Z,cd1454fbccb30682a23593c99db6d38a
OMKxtVth2fBVmJWmqsOk,OMKxtVth2fBVmJWmqsOk--1--zu6rm.jpg,2023-05-11T00:13:46.235Z,bdece9fd01dff4eb1c14c225cdea235b
X6lQoX4aSs3UtizgjA1h,X6lQoX4aSs3UtizgjA1h--1--8pi1j.jpg,2023-05-11T00:15:13.405Z,f5e5046367dfa0cf6335e03be43cedb6
t6DQe99SOKPLF0Ew8f63,t6DQe99SOKPLF0Ew8f63--1--m7ieq.jpg,2023-05-11T00:15:23.161Z,5ca16100bf0db4eb2c3f71ccc733302c
eBJlg33XX4GmwarR4qB6,eBJlg33XX4GmwarR4qB6--1--0y66p.jpg,2023-05-11T00:15:39.922Z,b95e03ad8f6f3ea28dc00b557a32026f
gADxE5pXc9sXeyopDJ0S,gADxE5pXc9sXeyopDJ0S--1--0y3sa.jpg,2023-05-11T00:16:07.451Z,ec2c8c6088d0ad38d744c0c46d0d0c4c
28akc1hufXkkUttZXkk3,28akc1hufXkkUttZXkk3--1--txpsn.jpg,2023-05-11T00:16:21.222Z,2aa0dda94e918a70645ed2e4cbb6cc7e
HtaI83rDwCax7qhSpgwc,HtaI83rDwCax7qhSpgwc--1--vaxov.jpg,2023-05-11T00:16:34.000Z,22ec8edb434ac4100f91174ea36f3394
NoShYqEMDwizknqfjMJf,NoShYqEMDwizknqfjMJf--1--ryvag.jpg,2023-05-11T00:16:42.202Z,93b818f4586d60cf15e1640abdbfcebe
wJfGnhGQQK3ZIQBvsDwQ,wJfGnhGQQK3ZIQBvsDwQ--1--rg25c.jpg,2023-05-11T00:17:19.770Z,71b15034b404c8a5c6b810e7e6cf79a4
hHMCdvpjRLnbdYjnSL20,hHMCdvpjRLnbdYjnSL20--1--rqykn.jpg,2023-05-11T00:22:08.838Z,088146fc81f82a598c719be048dae898
AimhKp56I6JnoFPtGpYo,AimhKp56I6JnoFPtGpYo--1--lbby7.jpg,2023-05-11T00:37:29.599Z,35e26cb88cfba66fc4dff8b0c4a7753a
Q963lt2h7dqCveEcuzDT,Q963lt2h7dqCveEcuzDT--1--l2myj.jpg,2023-05-11T00:41:06.969Z,54117e5668a877dbabebb1b2bb22981f
UYN3EfcHYdPntftaY6CA,UYN3EfcHYdPntftaY6CA--1--ys62a.jpg,2023-05-11T00:41:52.699Z,c395937dd302bdfef1dcf1fc7e6086ea
bHvkm2SBjEmGkrSIQ4Af,bHvkm2SBjEmGkrSIQ4Af--1--fy5dn.jpg,2023-05-11T00:43:01.384Z,eac661e2fa51ce238844f291b0ab4976
lODIuPtflaKO4xYR6W4C,lODIuPtflaKO4xYR6W4C--1--arh4p.jpg,2023-05-11T00:46:27.991Z,5e393e5d52c009fd7687df1194e234bc
7iui6AwJHkjaDdqXILNG,7iui6AwJHkjaDdqXILNG--1--e21y1.jpg,2023-05-12T15:41:02.126Z,409f82659f2937584374313a371e7c01
nCSBU2nYIzqXYO50TYSv,nCSBU2nYIzqXYO50TYSv--1--3w62v.jpg,2023-05-12T15:41:52.560Z,cdfb0287c3bad2079944ba7d54109471
hwZnMW55gtwcVo4XVYJM,hwZnMW55gtwcVo4XVYJM--1--ojy7z.jpg,2023-05-12T21:58:24.760Z,1f5912e6d22cd66cfc2eefe6cafcdcbb
GkMn2SRMRPJAN7BeC2m7,GkMn2SRMRPJAN7BeC2m7--1--j9fib.jpg,2023-05-12T21:58:33.960Z,d749209416b8643de19b8497ccf57a54
vCT50leHlSC8rpyEIhk0,vCT50leHlSC8rpyEIhk0--1--ir0dl.jpg,2023-05-12T21:58:53.446Z,9cac614db69506a19c857651ec181701
s9VCAV0tkuV1fsoUCJWt,s9VCAV0tkuV1fsoUCJWt--1--zc4j5.jpg,2023-05-12T21:59:13.755Z,97ba395d666bd160895251a97b16355d
Lqja6lbnoY4gcRIUbcBV,Lqja6lbnoY4gcRIUbcBV--1--3hkvi.jpg,2023-05-12T22:36:50.060Z,169f841a1aa80fcc952f4337a57b8d7d
Ma77DWKLcfdOFqa3PUC4,Ma77DWKLcfdOFqa3PUC4--1--s8yre.jpg,2023-05-12T22:43:59.768Z,75606a028014be0314d8ca5fce7d2632
5UuPt1WWtuRmuld08pFV,5UuPt1WWtuRmuld08pFV--1--ts8p5.jpg,2023-05-12T22:45:48.565Z,094cc7d1b44d597be2de707d4998045a
a7Q4UaCRWAeuaUPoAFKO,a7Q4UaCRWAeuaUPoAFKO--1--c4o58.jpg,2023-05-12T22:54:59.159Z,0595830c163aa7cbdf5911fbc1fbdf0a
5qhCF9DcIdA1gRb7lsuD,5qhCF9DcIdA1gRb7lsuD--1--tl3q0.jpg,2023-05-12T23:02:09.600Z,f903ad96e4069bd7d7844b3f7c4c16cc
EOliEJaYF6TBNUi5z63M,EOliEJaYF6TBNUi5z63M--1--rejru.jpg,2023-05-12T23:02:17.739Z,8e3a1cba1bec71b004412ddc5a0b7d37
GoejZiCnGGh8igWEJzFh,GoejZiCnGGh8igWEJzFh--1--k5a19.jpg,2023-05-12T23:02:39.571Z,55fe102ef9cd69b31f8ac010d8f95dff
O1sh9lLkrmhqeoFHGIGW,O1sh9lLkrmhqeoFHGIGW--1--wabc3.jpg,2023-05-12T23:02:51.806Z,bc7ece8a0ca072e274bc8e8b74c3d7d4
eMkdhoqQx6or1yY4tCEs,eMkdhoqQx6or1yY4tCEs--1--t876l.jpg,2023-05-12T23:03:07.102Z,dedbcfd38472ea974ea5b1a08ec063a0
uWYLTpWpWqId3Mraze8U,uWYLTpWpWqId3Mraze8U--1--hfwmu.jpg,2023-05-12T23:12:50.756Z,a395bb930ac3fd13cac347dff3a56e5b
oosjmJ3P1sHwofNcKrRA,oosjmJ3P1sHwofNcKrRA--1--ft2i2.jpg,2023-05-13T00:05:06.870Z,f1045afa0ef5b2c1d43db883b9f6c1ec
ID4gYVnihf6I9J6dyhyZ,ID4gYVnihf6I9J6dyhyZ--1--39g9o.jpg,2023-05-13T00:08:53.109Z,f75d8d2cd1effb427ea269b08f833c43
LTXgKF2t1NBg2Kf9Y9OD,LTXgKF2t1NBg2Kf9Y9OD--1--r551n.jpg,2023-05-13T00:14:23.569Z,e3f9e4d9eb92444ab8f283367155a1fc
3rb5IS28Ig86VOZjeDS5,3rb5IS28Ig86VOZjeDS5--1--7zhde.jpg,2023-05-13T00:49:26.612Z,bdc1d5fa3b76f371f23fe70160393f10
5eAMzHnSmGIpmdbopGur,5eAMzHnSmGIpmdbopGur--1--wdnhc.jpg,2023-05-13T15:06:17.629Z,1234f11e6d4bd2f9920f172a6fa7ccf1
Oq6D1GxknOdcrxeb7r70,V4ZshhNSue2nznBgPhgS--1--fa4o1.jpg,2023-05-13T15:08:29.747Z,d1d1fcd223e11bb7e2955b6e533a6118
mqWpa1GGyPYaxfSfFqJD,V4ZshhNSue2nznBgPhgS--2--ap87i.jpg,2023-05-13T15:09:06.966Z,7e9f953d1df6e64be0386abc77e8de10
VrFgtHHRMY7dV7SG176i,V4ZshhNSue2nznBgPhgS--3--rhdtd.jpg,2023-05-13T15:09:31.122Z,0527ea0b6101814f52d12f6e1202ade8
e3Zmsg5csxBptrlNxLm6,V4ZshhNSue2nznBgPhgS--4--r40hq.jpg,2023-05-13T15:09:56.041Z,0e50e77ebcd92bf1593e6f6782b3e415
FWZtcBC8UC9xd9L1D7qh,V4ZshhNSue2nznBgPhgS--5--nwwv5.jpg,2023-05-13T15:10:14.299Z,1f44d7d166a54ba801ad8c4b28d81842
52PQ3hFknhPDB2AUoswX,V4ZshhNSue2nznBgPhgS--6--xup0p.jpg,2023-05-13T15:10:37.791Z,cdde54a9694bd7098d7a3dd6e9547fbb
gbMOWfFKZacGtfCtei4o,V4ZshhNSue2nznBgPhgS--7--bml9o.jpg,2023-05-13T15:11:02.321Z,bbe927e5f6a6845185274169e0cbef19
YxpBGPStlK5UcMEJ6Bpl,V4ZshhNSue2nznBgPhgS--8--m8eq0.jpg,2023-05-13T15:11:19.313Z,025898072c4859267040dec0385aab41
KMO7PJtrkNTMlfuZggl0,V4ZshhNSue2nznBgPhgS--9--vfk7u.jpg,2023-05-13T15:11:39.797Z,a069447342d3e52fbb1c662fc75c6b05
AxfSRHlMmU6ljDLUG1te,V4ZshhNSue2nznBgPhgS--10--repst.jpg,2023-05-13T15:12:01.232Z,9b65f51bb1ba5d283be62a096ca3c512
8iRTMg7WOnXVjLVgalwx,V4ZshhNSue2nznBgPhgS--11--umz90.jpg,2023-05-13T15:12:21.296Z,ce3a262b48ae2c4991b5e1691cb39cbb
KLmfrEMd49YyznCX4K45,V4ZshhNSue2nznBgPhgS--12--hfv89.jpg,2023-05-13T15:12:33.161Z,079bca408b1e0d81a86917646200a0cf
cJOYOxj7HzzW765olhiX,V4ZshhNSue2nznBgPhgS--13--8lygz.jpg,2023-05-13T15:13:20.385Z,72607c340f8f700148e4ed372f9315af
NmTyvJDrQG4IMbaErXbf,V4ZshhNSue2nznBgPhgS--14--xpwqj.jpg,2023-05-13T15:13:38.360Z,b8f95856d006097b13ac0f6c1ab9d7a2
PCRhORdDZlHNQbdA9mem,V4ZshhNSue2nznBgPhgS--15--ea5r3.jpg,2023-05-13T15:13:52.524Z,704cacb6fd5f4c489c9dcf55727b270a
UOjGmRz6xgPTSEsu9l36,V4ZshhNSue2nznBgPhgS--16--q3pif.jpg,2023-05-13T15:14:05.630Z,3f403121b3eef4c38745c167c29021fe
oy89vM44vSGVds7OjdTH,oy89vM44vSGVds7OjdTH--1--gj80j.jpg,2023-05-13T15:17:29.114Z,6103d5305b59d52f71dfed1787f6fc8e
rVgYtWdmKbfvvp9bo7w7,rVgYtWdmKbfvvp9bo7w7--grid.jpg,2023-05-15T01:23:00.860Z,95a7d8005a846acf4151d679b822fc32
cpxvPLs5VyXZP5wgQbq9,rVgYtWdmKbfvvp9bo7w7--1--nxb4g.jpg,2023-05-15T01:24:09.480Z,9a62fe3434b4f7d76fbbb1e15705f092
U552asfx9ULVBMjtLg9F,rVgYtWdmKbfvvp9bo7w7--2--8379d.jpg,2023-05-15T01:24:33.661Z,20723e932e23715518a1a1e6506464b0
oen93iTTdod70h76DOAU,rVgYtWdmKbfvvp9bo7w7--3--akhvr.jpg,2023-05-15T01:25:02.735Z,6fd3395938f42a8a3d5c0e33b7f9c337
8qyRW99bwOGmVdY5rdkp,rVgYtWdmKbfvvp9bo7w7--4--ew18y.jpg,2023-05-15T01:25:16.915Z,dc7303899c30e5f30759d6ed2a1a755f
t27wPzinGXMAJfsG9H47,t27wPzinGXMAJfsG9H47--1--epy9o.jpg,2023-05-15T16:40:37.737Z,b8d5eee65cfab2c6434d45c1ade9abac
6pWWHEUFBB7eSpxQgzyA,6pWWHEUFBB7eSpxQgzyA--1--9f0ks.jpg,2023-05-15T19:51:49.678Z,def8ac8d8971eb49b946db4b3440ae4d
BIdZv6kp0qR0GdUdF49z,BIdZv6kp0qR0GdUdF49z--1--lsgj8.jpg,2023-05-15T19:52:54.105Z,d66f917b44b3fc03b5a0a50d56658162
EqDfIbhDjgGxRhzXXyEx,EqDfIbhDjgGxRhzXXyEx--1--s2ys7.jpg,2023-05-15T19:53:30.818Z,87dfb1e3858c736ee9a2937ea9653f8a
pNfRGJAHTbRaDGnaSQZz,pNfRGJAHTbRaDGnaSQZz--1--0q5wh.jpg,2023-05-15T20:19:18.330Z,59a639fc1dad797c3b27edbb2793b559
KJskrHTNHiJ3M03ruxhQ,KJskrHTNHiJ3M03ruxhQ--grid.jpg,2023-05-15T23:16:48.988Z,b0d08df186fca4133ac481b0e041fb6c
qrBmVi7mn6ooJEU8crTQ,qrBmVi7mn6ooJEU8crTQ--1--c9ck1.jpg,2023-05-15T23:19:16.354Z,fafd8440079055c96740fc2cd2d2cc4f
5VRT82HeI4aPyZhYBsN2,5VRT82HeI4aPyZhYBsN2--1--oaqgg.jpg,2023-05-15T23:20:00.393Z,6f3cc5060a3dda286e52e8dac87e0be0
DVvOmZa5SZWK73pjLOld,DVvOmZa5SZWK73pjLOld--1--o0s9e.jpg,2023-05-15T23:39:03.163Z,0e3fa505e865df953f2200296596b208
KDIEmqLrb1jI9ZUx0lPS,KDIEmqLrb1jI9ZUx0lPS--grid.jpg,2023-05-17T00:22:52.400Z,5a29f9071b7777f0f5f450fd251fc108
nvB3CNWNU4HDE9rpFbcj,KDIEmqLrb1jI9ZUx0lPS--5--yy9jh.jpg,2023-05-17T00:25:51.060Z,34bdf84e14f0b7e85cde329d1dce7f85
wD1ohtjWpWpi0rIDECaM,wD1ohtjWpWpi0rIDECaM--1--oyv72.jpg,2023-05-17T00:28:00.822Z,bab112bb7b6c84ec30390237edc911bd
numttzoqtHZd8Md5QWmB,numttzoqtHZd8Md5QWmB--1--eemlp.jpg,2023-05-18T21:56:16.250Z,d4d8356626c0f6ea474be3745a4458f0
mGbkvCi9gFBgZHDsPnCJ,mGbkvCi9gFBgZHDsPnCJ--1--1q621.jpg,2023-05-22T17:51:09.510Z,4e7ea9050b9d1bcd14e519d2e4a2747a
8cyogTIi69YmhTogwPDv,8cyogTIi69YmhTogwPDv--1--fga2h.jpg,2023-05-23T22:59:08.391Z,1f6e4ca31ac058a0a77ad8fb757972c4
9O7zspJQZmauHuCW1HCR,9O7zspJQZmauHuCW1HCR--1--5rhlb.jpg,2023-05-23T22:59:17.548Z,33e2ddad78c8a6098c648e96a15c38f2
QnFnSJQHAoBKX0KxnhuG,QnFnSJQHAoBKX0KxnhuG--1--eff0h.jpg,2023-05-23T22:59:47.898Z,4e84e4a7847c53e030b469e7c08f4d6f
lPGs0lUyPx05IT4q0ExS,lPGs0lUyPx05IT4q0ExS--1--k5r1y.jpg,2023-05-23T22:59:59.212Z,658163cf76402e9d63bb645605b74e10
NEBgXRH3Nx2thGAZlfnQ,NEBgXRH3Nx2thGAZlfnQ--1--jgixk.jpg,2023-05-23T23:00:05.689Z,e58b3becbab894851b6ec46e224cee69
CldKtXjJ5bFY3zxwVsLk,CldKtXjJ5bFY3zxwVsLk--1--rd8ns.jpg,2023-05-23T23:00:31.995Z,e6e573c57fa99aeaff42680a19c456bc
iR6WRr8sh7Auoq0uoeEZ,iR6WRr8sh7Auoq0uoeEZ--1--k6qwf.jpg,2023-05-23T23:00:42.654Z,474760954b255c5790675ba311d798c1
veXl4Ny6bdnr2AF3JiFm,veXl4Ny6bdnr2AF3JiFm--1--32jlo.jpg,2023-05-23T23:00:48.950Z,59a1099c299cd31c1c82783c2778de54
WqtueggzWXZxvZmRwUAR,WqtueggzWXZxvZmRwUAR--1--41eb6.jpg,2023-05-23T23:01:01.557Z,3b8dd6c6e62385e4d2f8c8f204f3a851
mQWaEASHHlPzbyeQ7AA8,mQWaEASHHlPzbyeQ7AA8--1--1trh3.jpg,2023-05-23T23:01:23.710Z,db7c13a86f53605d7c1c8b4b82afbc52
8RyiTDZbGrXmnb6jWr0W,8RyiTDZbGrXmnb6jWr0W--1--fzqoh.jpg,2023-05-23T23:01:32.252Z,c61c9cb0c4eeb45c1bed2e9ab960f71d
IWaHu1XRi85rDUY1gsPo,IWaHu1XRi85rDUY1gsPo--1--g0bim.jpg,2023-05-23T23:01:54.378Z,de26573369fdd68dc0ac31557b670b70
k3bqDx5A9VgmXWX2BYrE,k3bqDx5A9VgmXWX2BYrE--1--ioy3q.jpg,2023-05-23T23:02:20.747Z,142644f22952e3846ed5c6055ea15d1c
i1qFTEXCZFhei6LJmdxx,i1qFTEXCZFhei6LJmdxx--1--mjl63.jpg,2023-05-23T23:02:26.998Z,0199bd94f6d133d536de18f9f5b3f79d
H34TgZHazj7664FXJ15u,H34TgZHazj7664FXJ15u--1--tp28r.jpg,2023-05-23T23:02:48.908Z,67d8519a1b06914e6b6e493ec7042a56
lZ1f4d1CmJF3w1tVdAlS,lZ1f4d1CmJF3w1tVdAlS--1--nngo4.jpg,2023-05-23T23:03:03.862Z,82df2f12b9aad5fb9e9b5d97ce2501cc
doLWQFDFX0oIyRna3apQ,doLWQFDFX0oIyRna3apQ--1--ezeel.jpg,2023-05-23T23:03:11.228Z,9bde572280b35b51122dcf4bcb44fbca
7UuEUL5XuS1J8AqdMCeK,7UuEUL5XuS1J8AqdMCeK--1--ei3bu.jpg,2023-05-23T23:03:18.317Z,391d97c6e0861b793e28b3ebfeb050e9
WOVXsfvz65fQUMXyoaxx,WOVXsfvz65fQUMXyoaxx--1--039de.jpg,2023-05-23T23:03:44.581Z,5e5c7e91a35a920ae29a86f28bd70a25
vabgnscCcNcAfHTPj7GI,vabgnscCcNcAfHTPj7GI--1--nbjwy.jpg,2023-05-23T23:04:17.715Z,477981b8f5fcb7389a679ee793abb61e
Qlm3Xj1TjRF5SwtzND1u,Qlm3Xj1TjRF5SwtzND1u--1--0ftwj.jpg,2023-05-23T23:04:25.705Z,0e1d36bf4712fd9ce91c8c4a890a696c
zOu0Bi5NzotkO95XzTHQ,zOu0Bi5NzotkO95XzTHQ--1--3vhbx.jpg,2023-05-23T23:05:15.958Z,ed2404ab590084428d49fb3bbb8d659d
aeRbV6FkEpVXLOG09TOj,aeRbV6FkEpVXLOG09TOj--1--wz3b9.jpg,2023-05-23T23:05:28.603Z,e3482901500612fcf91adf5c3dfc12c0
y2KgFXIhO8fr4G3eE7Na,y2KgFXIhO8fr4G3eE7Na--1--3d5kg.jpg,2023-05-23T23:05:48.183Z,0c86c866017f7efc381eec8188f0a121
UoJQ1F3Y0GMZFX8Bg7Ft,UoJQ1F3Y0GMZFX8Bg7Ft--1--a8vgn.jpg,2023-05-23T23:05:58.758Z,91dbeb4700f6e8c682d8fe39aa2e7d95
ySBOfUt0y4vQi7NFeYSp,ySBOfUt0y4vQi7NFeYSp--1--4updg.jpg,2023-05-30T01:38:45.555Z,260d40f67e857c33b08462d5fa397a5a
sU0ZAQrOrE09p38fKAea,sU0ZAQrOrE09p38fKAea--1--vwfzb.jpg,2023-05-30T01:39:21.369Z,8f0e12f012fe3c8aa41a259d0ce278f9
IV6VSJod2UWehMe4osFa,IV6VSJod2UWehMe4osFa--1--423uk.jpg,2023-05-30T05:47:02.592Z,6d896cc9adb6ee2469becf441c1b3707
ZVljGGq5KSTIjXqTnVUs,ZVljGGq5KSTIjXqTnVUs--1--bq56g.jpg,2023-05-30T05:47:59.876Z,d0cf6a90e0f107764a20bcc5eda55e16
mAR4nVvPwSFb344GDOZY,mAR4nVvPwSFb344GDOZY--1--hf64r.jpg,2023-05-30T05:49:50.855Z,e0d82308b05961a11f7acae356e9a5d5
sj3ofSC9K5FkzdiArpUs,sj3ofSC9K5FkzdiArpUs--1--ouztg.jpg,2023-05-30T05:50:06.617Z,bd10c76c19b69a63287357f01fe476ae
XKqqyU46FqqZtI7SICFs,XKqqyU46FqqZtI7SICFs--1--mfwb4.jpg,2023-06-16T23:53:54.047Z,a052132727851d81ea96e7460509aa56
kGohYMfZRByPvxf2nKA0,kGohYMfZRByPvxf2nKA0--1--8sz28.jpg,2023-06-16T23:56:03.381Z,3ee2f4b20a3e1b29a5e82861cd7ab9eb
rHCh7l7ubedJnqVoadPR,rHCh7l7ubedJnqVoadPR--1--iyg54.jpg,2023-06-19T02:11:47.726Z,b25830de76b3f1c27a65e0fe0fc2f55f
ydExcTxbH4IBNl4A5z9L,ydExcTxbH4IBNl4A5z9L--1--h8vlr.jpg,2023-06-27T01:57:59.649Z,e2a35e6421bfda96de71c8caaba99742
qcD5A0mHmfGV5XPm6552,qcD5A0mHmfGV5XPm6552--1--5wp3t.jpg,2023-06-27T01:58:11.278Z,c41f970788f7db410e25959d30ea299a
LOblQifxDei9zRAcmKcI,LOblQifxDei9zRAcmKcI--1--euz8v.jpg,2023-07-02T22:05:46.337Z,93f497f763697bd57df28b5cbac361a1
LH6gbpOIpwcY6RG1DFb7,LH6gbpOIpwcY6RG1DFb7--1--0hdhn.jpg,2023-07-04T03:17:48.400Z,d5d1da213a999c15303b6f847d5bb5c6
innpd11amGSIo0N5KYWw,innpd11amGSIo0N5KYWw--1--cl9n3.jpg,2023-07-04T03:23:12.577Z,d91ba3b2534678004ae02eaa24c538d1
GX1AmlB2rlOf7vFYPSYu,GX1AmlB2rlOf7vFYPSYu--1--bn88m.jpg,2023-07-04T03:37:20.628Z,6974b13da6f29b690c9a4f0e53d0ff09
Uj4McfFqcGtm1rt3RzJS,Uj4McfFqcGtm1rt3RzJS--1--nw1ss.jpg,2023-07-04T03:46:24.342Z,53a6628470c575c27845c56cf15af8e7
h2nay2Q844lZlwLlXC9o,h2nay2Q844lZlwLlXC9o--1--x0vf8.jpg,2023-07-10T04:46:26.095Z,93ab41cf93132e6d608dd41f01af7f5c
nOl4ZzxhLO5l03t2xH3R,nOl4ZzxhLO5l03t2xH3R--1--0pq0t.jpg,2023-07-13T01:20:05.000Z,60e8aa79e1864e1980f05d22d5de144d
Dw2NGd5EUyp5D6on2BqM,Dw2NGd5EUyp5D6on2BqM--1--hpgs2.jpg,2023-07-13T01:20:25.727Z,06769498e3920d6f4af2110fe7f32bfc
Ir7fhifM2utp0XkuDfJq,Ir7fhifM2utp0XkuDfJq--1--jzocc.jpg,2023-07-13T01:21:53.653Z,64f7c4bf83931f1c1e55453531c3cec7
gGiBKBNchJRrwnVCPCvL,gGiBKBNchJRrwnVCPCvL--1--7ifrt.jpg,2023-07-13T01:22:50.400Z,c880f4529d5d4da2c1b21bbc4b2194be
BIaQNxiZ2G9Xl3uk9Yy1,BIaQNxiZ2G9Xl3uk9Yy1--1--x0mzl.jpg,2023-07-13T01:28:46.243Z,09258b62eca66a6d7128e1dbf58d1483
XEmhJpQ22RsFdoBKtYzr,XEmhJpQ22RsFdoBKtYzr--1--f4o6y.jpg,2023-07-13T01:29:35.135Z,20ce5fdef636cb097fddb2d9e6bdef36
DGTXFuG64yVOA52uvzW8,DGTXFuG64yVOA52uvzW8--1--xlrdy.jpg,2023-07-13T03:13:03.005Z,feff4ba4a24aef9bb3f5a9e9d40c1d2b
sZwkKcsFwG3MQS5GdkQD,sZwkKcsFwG3MQS5GdkQD--1--z6kjo.jpg,2023-07-13T03:13:10.426Z,210683691bbd05dcaaaacba29c831af7
C7BBvJciqaGREeUNTZMh,C7BBvJciqaGREeUNTZMh--1--hinmf.jpg,2023-07-13T03:13:12.239Z,37b9e4af4ef869310f614881f3f5689e
oDBsmZqA9ZSJvIstLvs1,oDBsmZqA9ZSJvIstLvs1--1--an2th.jpg,2023-07-13T03:13:16.218Z,10bd228b5031921a6c4af752c255153c
erz9yfzvNXQw4MDMZuY3,erz9yfzvNXQw4MDMZuY3--1--v1vnt.jpg,2023-07-13T03:19:45.741Z,eff47f24715378eb0808c6f7e11aa4ea
oVvzWQvkPJd71LxW0BJS,oVvzWQvkPJd71LxW0BJS--1--1idg0.jpg,2023-07-13T03:19:48.114Z,377ce0e1e44784b77f9407b629acc254
cvgpKEltQOKcQvteiHpA,cvgpKEltQOKcQvteiHpA--1--x728e.jpg,2023-07-13T03:20:40.363Z,5edb27fd689a9c3a46da3aaac2ec8ff9
S7rDVQ7rpVioT64p1cSI,S7rDVQ7rpVioT64p1cSI--1--2mn8r.jpg,2023-07-13T03:20:42.573Z,79e637c1c1970e951200148c30540ce7
8ktwpQDKZFYnt8UUTcGS,8ktwpQDKZFYnt8UUTcGS--1--oa90v.jpg,2023-07-21T03:26:42.964Z,7fc1f1996cd98338bd5b6de583687604
JM6dxykXLzg5yYhu9wse,JM6dxykXLzg5yYhu9wse--1--34bld.jpg,2023-07-21T03:26:47.331Z,7b1eb5f459ede5321458b149dd0803e9
hxSyBBih11613HxF8PWW,hxSyBBih11613HxF8PWW--grid.jpg,2023-07-21T03:26:48.733Z,7b0850130edb47413c796765cb52aab1
LdWSjeTwctOGYCQBJsMn,LdWSjeTwctOGYCQBJsMn--1--mkg6s.jpg,2023-07-21T03:27:23.456Z,7d8fd83a585f8186695d30b942944a03
wvoUi5aiuFsQK6xh4K0T,wvoUi5aiuFsQK6xh4K0T--grid.jpg,2023-07-21T03:33:41.256Z,0ae80135494d88189496b0e5dce57a35
g4fvAfbcQUNRjR1F7u99,g4fvAfbcQUNRjR1F7u99--grid.jpg,2023-07-21T03:37:15.729Z,fc6b4e3738d69a1324edee3f1cec80a1
AWb3Sfl7o5ODcrUDttUC,AWb3Sfl7o5ODcrUDttUC--grid.jpg,2023-07-21T03:48:57.596Z,ef1f7f74322b14301a8f9e6f328bbb23
K4my9JgGNcZbUjwGjBTK,K4my9JgGNcZbUjwGjBTK--grid.jpg,2023-07-21T03:49:34.870Z,84dbea64b060dadba3bd8451bf14ec8c
ei4TqpOQWj8WpOmjw6uo,ei4TqpOQWj8WpOmjw6uo--grid.jpg,2023-07-21T03:50:01.759Z,11b29a1398390444c6250bbb5782cab8
EgGVsdPgEndRHKnMcBge,EgGVsdPgEndRHKnMcBge--grid.jpg,2023-07-21T04:06:18.456Z,09d6403ac13cc4c09968ef12d24e5224
WjEodACWk9WEI89R5dRR,WjEodACWk9WEI89R5dRR--grid.jpg,2023-07-21T04:07:24.485Z,8331e20dcebd29649f514efdf8360e58
E0nWvyEsb7qgFSWo9QYa,E0nWvyEsb7qgFSWo9QYa--grid.jpg,2023-07-21T04:07:42.601Z,7c3bcb37b468235a625d0dff8d4934d7
zb4eAGp5iZeMW1intTTU,zb4eAGp5iZeMW1intTTU--grid.jpg,2023-07-21T04:08:07.452Z,9b253d46e9aa29c7ef6b640f4a1493f6
KpdMb81PY3Qe92m8Px4T,KpdMb81PY3Qe92m8Px4T--grid.jpg,2023-07-21T04:08:23.835Z,9a48245e47a3a4f5519ee2718a48ecd3
nCWr3YOBkCSLOP6HYKbD,nCWr3YOBkCSLOP6HYKbD--grid.jpg,2023-07-21T04:09:47.806Z,bfea8befee83332390a7c00baae5774f
ArGTFdjZb31gn3JRma3Y,ArGTFdjZb31gn3JRma3Y--grid.jpg,2023-07-21T04:10:38.813Z,d0b70df0966122beb2b928e6161fe421
y8v00E5uut9my5pQheyQ,y8v00E5uut9my5pQheyQ--grid.jpg,2023-07-21T04:11:28.401Z,bd2c5fd272bf7700f015531ab6364bf8
TeAtSm60L9R8qxfS82so,TeAtSm60L9R8qxfS82so--grid.jpg,2023-07-21T04:12:11.931Z,7e75ed92c22cf9f73c098e1e6e4f95d4
ilphyEGZbblyg8wGe6K3,ilphyEGZbblyg8wGe6K3--1--dul3k.jpg,2023-07-21T04:14:32.663Z,089e9685c515776cfb4d0970289a0797
C0UFX4HUvbTtR7QyLzDZ,C0UFX4HUvbTtR7QyLzDZ--grid.jpg,2023-07-29T02:30:29.698Z,f8d2701bfcaca728fac310ac1aebde29
ZkxAM8MMsscV16OQGQiC,ZkxAM8MMsscV16OQGQiC--grid.jpg,2023-07-29T02:31:19.469Z,ad3a9532fd4eb4e3219247cf8362075f
ffBSxriOSRoZ6CpRyfb4,ffBSxriOSRoZ6CpRyfb4--grid.jpg,2023-07-29T02:31:22.164Z,91099fddb882a65b4ab9116a86bd481c
u5hbHllFB7Sj9PVYCIRY,u5hbHllFB7Sj9PVYCIRY--grid.jpg,2023-07-29T02:32:23.597Z,e3482e818e75973c8e679399cdb469d7
QHAJ3vKMXjdAQpln2QI2,QHAJ3vKMXjdAQpln2QI2--grid.jpg,2023-07-29T02:33:03.300Z,cfcdff26d9c94d327a9682da482bdfc8
tMTM5GHezrL4P63QZmph,tMTM5GHezrL4P63QZmph--grid.jpg,2023-07-29T02:33:27.810Z,fd47420c217f2824cbc83cf665f83371
FI87K7pFdSNTQgeVgWOA,FI87K7pFdSNTQgeVgWOA--grid.jpg,2023-07-29T02:35:26.789Z,16ac8f41784110ddaf8eb958b2d0f5b1
MjEsGuTCRzbABtsx3mlz,MjEsGuTCRzbABtsx3mlz--grid.jpg,2023-07-29T02:35:29.148Z,7d2ddb45e4c443b7da76605f42f171a1
zVD4CrELfaGWS7n9IiEN,zVD4CrELfaGWS7n9IiEN--grid.jpg,2023-07-29T02:37:54.865Z,11b29766e556c66b3ed064af5f1b23f4
SbrW9SZqdudnev5NodTI,SbrW9SZqdudnev5NodTI--2--a5zfo.jpg,2023-07-29T02:38:21.619Z,b659c842fd59bfb563869e132ada1899
YOAY6gKjIH0Q7gtMEIZr,YOAY6gKjIH0Q7gtMEIZr--1--j1dr7.jpg,2023-07-31T21:37:41.399Z,35187352699f3becda106c341fee0506
cShoyilS4x2guFhYWKMA,cShoyilS4x2guFhYWKMA--1--r943y.jpg,2023-07-31T21:37:52.275Z,f55648ec4d0a87876188c5df19e1cb0e
pucYH99cg2mVMkswA2yy,pucYH99cg2mVMkswA2yy--1--q2fdn.jpg,2023-07-31T21:38:04.707Z,e5c1b3898fc3d8ed777b6493fd29c112
Fcg0a91G2F1Un961m4iq,Fcg0a91G2F1Un961m4iq--1--ckedr.jpg,2023-07-31T21:38:12.717Z,614b6a5cc50f28af32db178cebfa2fa4
ColJGWcTlo3jaJxg0ZAN,ColJGWcTlo3jaJxg0ZAN--1--jhsoz.jpg,2023-07-31T21:38:51.320Z,3bf5cf6712b7d287607f1ddc0b617637
TuMrWnpK6CgRKHyThlf9,TuMrWnpK6CgRKHyThlf9--1--yd4nf.jpg,2023-07-31T21:39:27.072Z,2175b8f269d0d34899992f69297718d2
0LiMiyclH7T9b6f7jszX,0LiMiyclH7T9b6f7jszX--1--kbfar.jpg,2023-07-31T21:39:50.775Z,e0489e5718df58ef6f958b4e869504dc
o35o3sYnexDhIyjJNgfy,o35o3sYnexDhIyjJNgfy--1--039kp.jpg,2023-07-31T21:40:25.285Z,d3d8c48abf91e5368354cda446bf56ae
71OfWAYlfjBz70DViuGe,71OfWAYlfjBz70DViuGe--1--9z7cs.jpg,2023-07-31T21:40:36.407Z,75c06adc4089942bb27d027356494a41
Q72E4VoIG9gfypTOoiPA,Q72E4VoIG9gfypTOoiPA--7--k9vip.jpg,2023-07-31T21:42:44.178Z,238155ecc38955f39aac7a92ed0654ee
es8Fmq6rgc0AvB1IHIwO,es8Fmq6rgc0AvB1IHIwO--grid.jpg,2023-07-31T21:43:53.060Z,a352c978b620ff843b55b255d6fae7bd
ibuohzd81BRVX9VYd3ws,ibuohzd81BRVX9VYd3ws--4--ydg3d.jpg,2023-07-31T21:44:27.519Z,142058a354fe0ad7b6881e13b2d67f7c
ttsEOODCi7jLlsOVpQXG,ttsEOODCi7jLlsOVpQXG--6--g27ax.jpg,2023-07-31T21:45:17.615Z,bf32b240e577ccd4eb29756cce6c55e1
q3GPkoyVfL3ivPIbslUw,q3GPkoyVfL3ivPIbslUw--grid.jpg,2023-07-31T22:27:16.869Z,f0dec55690695b560735e62acb4f2ae4
JqRaKhSCMP3Ns8uUZekK,JqRaKhSCMP3Ns8uUZekK--grid.jpg,2023-08-01T19:31:43.192Z,3bd39552843435ecbe398e905ae14953
kv3TZEVbe3kWctYdB75Z,kv3TZEVbe3kWctYdB75Z--grid.jpg,2023-08-01T19:32:26.075Z,09293222d90985ab4b6cb95bba638777
FfXUbsEiRFHFTSuxjFpb,FfXUbsEiRFHFTSuxjFpb--1--rvhlo.jpg,2023-08-03T22:16:42.706Z,5eac2fec5d6bec4f0c326714999ba6db
Pk0YRCPTlxgfs9Pyok00,Pk0YRCPTlxgfs9Pyok00--1--og03g.jpg,2023-08-03T22:17:08.336Z,d339f83376f15288189b4a6cd1099ac2
M4SBDvB9h4hd3gkFgiHv,M4SBDvB9h4hd3gkFgiHv--1--ahl97.jpg,2023-08-03T22:17:29.576Z,9b0c2a299b1eb60df2d0105d91f67ef6
zcFznGbsuW1PfOHOUD1W,zcFznGbsuW1PfOHOUD1W--1--39ta2.jpg,2023-08-03T22:17:57.710Z,98837a3e3e4ddc1380c5602f6da3171d
Kslq6eKydfsavcJbG7c2,Kslq6eKydfsavcJbG7c2--1--4ipo8.jpg,2023-08-03T22:18:58.180Z,7a28911b28de81293f131c34968c95c6
u8oAiY3L6g3HrA74nSDi,u8oAiY3L6g3HrA74nSDi--1--coyk0.jpg,2023-08-03T22:19:43.806Z,556ac31c0ab8eceaeef165a7cb5a245b
HEIf1DwF2XbKfT2fHLED,HEIf1DwF2XbKfT2fHLED--1--pqinm.jpg,2023-08-03T22:20:14.288Z,a83f8dcf339e191f732ec7c49a8e8085
NbwxvJeP6NvfImA3flwn,NbwxvJeP6NvfImA3flwn--1--74qn6.jpg,2023-08-03T22:21:17.198Z,be024b28673e8d718e5333b3edfdbf90
99J91Y7uVhctNAq4sWDE,99J91Y7uVhctNAq4sWDE--1--winw4.jpg,2023-08-03T22:21:40.632Z,b3dfd083a8453df7d152e0120a383108
Ea6btOoAyjWq8HpcrEfW,Ea6btOoAyjWq8HpcrEfW--1--f1cqd.jpg,2023-08-03T22:21:56.913Z,38053df9ab4d404fd6d4cd27e5ce7135
kNhL9rGX8nHy2WjUoJuq,kNhL9rGX8nHy2WjUoJuq--1--8tq48.jpg,2023-08-07T19:15:50.849Z,f336fe04220ab6222d58a05b65667e96
1hFEFf0vailVBKngeVff,1hFEFf0vailVBKngeVff--1--g0ihp.jpg,2023-08-07T19:16:16.752Z,8a65fcf5c6f27be181cf28e91fad15e7
nH3ZAwKxGBaryUKB6ml1,nH3ZAwKxGBaryUKB6ml1--1--gzx49.jpg,2023-08-07T19:16:56.658Z,10001efb7e9ece35b1c68d74f685c2ac
Q0LQMlzmVNRAmto32ALm,Q0LQMlzmVNRAmto32ALm--1--0m8j2.jpg,2023-08-07T19:17:37.678Z,c1293f1167da336a12cc8f8f1037cdf1
Wifbf0ZavWnzuGQ5COwZ,Wifbf0ZavWnzuGQ5COwZ--1--908tb.jpg,2023-08-07T19:19:14.768Z,bbcc566778c5939784e6e5b0296bf937
3YBnk6n5CoDJc7iLx2cU,3YBnk6n5CoDJc7iLx2cU--1--m9qi6.jpg,2023-08-07T19:19:24.986Z,14d65516229be6b01a901f088054b631
RuzSR87b96HZdqlbXWpF,RuzSR87b96HZdqlbXWpF--1--5rcuy.jpg,2023-08-07T19:19:27.263Z,8c9cbf3cb68da6bf955a88994694dc75
Bme0Vwr5waisfjHXjt33,Bme0Vwr5waisfjHXjt33--1--36kcv.jpg,2023-08-07T19:19:29.663Z,508fed77e960135ade18057693f88f5e
jTs9vTMYUfT2Yn9LWa6V,jTs9vTMYUfT2Yn9LWa6V--1--juo5j.jpg,2023-08-07T19:20:18.157Z,fbad35629572694a6d020c52529e63e6
Eauc2HMHo2vR2amXvfHF,Eauc2HMHo2vR2amXvfHF--1--idp86.jpg,2023-08-07T19:20:19.507Z,25a1c4c95fedc8146d4701c3bd336fbe
o7rWiXcGAhjr8comHEdO,o7rWiXcGAhjr8comHEdO--1--15lnv.jpg,2023-08-07T19:20:20.986Z,b15e6352bfdbecc7235a663b097da9f5
F1BT5xJAmKDPS78BBOS2,F1BT5xJAmKDPS78BBOS2--1--a4sek.jpg,2023-08-07T19:20:22.449Z,919b64e50e964b027b0f6be4177bde34
maFsMCCZtxDF2fMC0Wfn,maFsMCCZtxDF2fMC0Wfn--1--kszh1.jpg,2023-08-12T19:29:04.992Z,6ab8bf7f1837272b3ac732f88f52e0ac
JCFZMsxPeBodFHbZX2w3,JCFZMsxPeBodFHbZX2w3--grid.jpg,2023-08-12T19:29:29.883Z,7b1a7aa41010e97d6dc230c7fc32d26c
I247hUS6kgSSMCTab7C4,I247hUS6kgSSMCTab7C4--1--lihod.jpg,2023-08-12T19:30:35.411Z,ecaaed28c1489386650062fb2a65d01e
S9Z4snRVScVE99X2IArk,S9Z4snRVScVE99X2IArk--1--kmqpe.jpg,2023-08-12T19:30:52.332Z,6d996effa143adf2b92ca3b1653f219b
phPEkeuEMwHffoJWoT7j,phPEkeuEMwHffoJWoT7j--1--11zuk.jpg,2023-08-12T19:31:12.837Z,acb6e7776dac1b5e73ec9bbdbb04251e
hT08MmNhrXwDzLlOGM5p,hT08MmNhrXwDzLlOGM5p--1--0vlvt.jpg,2023-08-12T19:31:35.042Z,a4965b17125abbc9751293f16fa993a2
xftIxPf3aJqR8wJlmDs8,xftIxPf3aJqR8wJlmDs8--1--e30fy.jpg,2023-08-12T19:31:46.954Z,eee7ae4ea2ff23807986877e48dd2a12
xgLu4ySnwTNXMABcHAGi,xgLu4ySnwTNXMABcHAGi--1--k9v1o.jpg,2023-08-12T19:34:42.481Z,b2dba5341dbb76a5b078c5a41b7a6484
k0L4cJ2Hec3Uw9gp7b29,k0L4cJ2Hec3Uw9gp7b29--1--pk7gb.jpg,2023-08-12T19:34:55.956Z,ef0c923d8130be6dbd90998438bdd948
g55jV1R8nzHbnvlyHd8o,g55jV1R8nzHbnvlyHd8o--1--7n9ip.jpg,2023-08-12T19:35:11.440Z,db7fa2c286cc378e42289445f115778d
pJrIVyRMRQZzN0y2ywiI,pJrIVyRMRQZzN0y2ywiI--1--32u1i.jpg,2023-08-12T19:35:37.877Z,d27c59ba19f4708e31bf09edf79bf3dc
DxiV7QICqHCmE8UgHZLa,DxiV7QICqHCmE8UgHZLa--1--8jtqw.jpg,2023-08-12T19:35:46.760Z,15fbc3f13eb999721b7ee4483fbb425b
TNUmWdSInQ4PbLvHZ66J,TNUmWdSInQ4PbLvHZ66J--1--as7l7.jpg,2023-08-16T19:21:47.202Z,abc454383f9cfc1ec6b123ae3df13d97
aqfxJQ9cEoQl4fFDRy6e,aqfxJQ9cEoQl4fFDRy6e--1--dtf0o.jpg,2023-08-16T19:21:54.985Z,bb0bbb898a4691ea31ac20adcf88a2f3
KmLAkEVrXbuAYFEa86w8,KmLAkEVrXbuAYFEa86w8--1--3onbp.jpg,2023-08-16T19:21:56.542Z,e5f3dec8186c611a53900333289b1d3b
sWUWPJVRFuNoFyj7RfpB,sWUWPJVRFuNoFyj7RfpB--1--hxwwy.jpg,2023-08-16T19:21:58.264Z,47c632a23db7efe8eee2b91b43c52533
DmFI3OrDI9DghBxid1Sd,DmFI3OrDI9DghBxid1Sd--1--nqqmn.jpg,2023-08-16T19:29:20.299Z,e55c4dcdcb89ab03d7d2286ed079e0a1
Ue117oXXTlWXFHS0qzyL,Ue117oXXTlWXFHS0qzyL--1--0jgt1.jpg,2023-08-16T19:29:29.549Z,f92dcac996bff8d7749d4322a06a6b23
MKZYI479I958MrMTRGlW,MKZYI479I958MrMTRGlW--1--e4hf2.jpg,2023-08-16T19:29:37.174Z,d0380a36e8cd8233d5daf94d3f651b3d
uGlS6hNRj2pM2jBkk896,uGlS6hNRj2pM2jBkk896--1--oaev5.jpg,2023-08-16T19:29:45.213Z,acab635135887c3b36b460b54cc15489
Ll2aSxWpGnCrAqDm1pR0,Ll2aSxWpGnCrAqDm1pR0--1--5383x.jpg,2023-08-16T19:29:51.397Z,8b35a56a370403fd64cdced3bc310109
Wr0qIWt5JQOGSc97h1AA,Wr0qIWt5JQOGSc97h1AA--1--gf6fw.jpg,2023-08-21T18:19:10.420Z,2df5390ecbf16d4ee7d171a841563647
UBvBn7KCUD46DjNqWeYX,UBvBn7KCUD46DjNqWeYX--1--c0i9w.jpg,2023-08-21T18:20:20.727Z,6803af544af594b54a5172b0d4c494cd
B4De2ri0OcAuJ7cWbsXy,B4De2ri0OcAuJ7cWbsXy--1--2j35g.jpg,2023-08-21T18:20:43.004Z,75955abfbf2552bf4b39058f4d16f817
GXXUll9Fy4Bqq3PUDNhF,GXXUll9Fy4Bqq3PUDNhF--1--u4ygl.jpg,2023-08-21T18:37:16.520Z,c567c15b84530666004b444acfc169e1
5LnG6TFKWuvlN0jdgEBx,5LnG6TFKWuvlN0jdgEBx--1--x1pbn.jpg,2023-08-21T18:38:16.797Z,cac89e7434128a9654415db71ec2a4d6
BSHsgDIgN3AIx3uM33jg,BSHsgDIgN3AIx3uM33jg--1--okhye.jpg,2023-08-21T18:38:45.879Z,8a7f1d30926ca10bc96057b7c7c8ed3c
sIL6v9PlksX8BQ6YKUdJ,sIL6v9PlksX8BQ6YKUdJ--1--a67ou.jpg,2023-08-21T18:39:45.981Z,a5175f95db02f364a66fae505878bb81
144Ifoj5mZaOnYvdSaew,144Ifoj5mZaOnYvdSaew--1--g1rf5.jpg,2023-08-21T18:40:00.529Z,9384f9f7e8d169ab325387c595cb14f2
QBALW15oTKhZWOZTZuNB,QBALW15oTKhZWOZTZuNB--1--huy5z.jpg,2023-08-24T19:36:35.010Z,94b2ef15edd5f1559397567b56894531
42tHaNAwyk7kOSYkchJT,42tHaNAwyk7kOSYkchJT--1--h4ma4.jpg,2023-09-14T17:54:37.290Z,b73721cdddf3f7e45cf881920331240d
QXquLz0ZLvMzti8TuAmn,QXquLz0ZLvMzti8TuAmn--1--d6hji.jpg,2023-09-14T17:54:51.547Z,a75a108730e7353f75b983d00342bef9
QN77FZkAIrvbe3zG9MGA,QN77FZkAIrvbe3zG9MGA--1--7cb3y.jpg,2023-09-14T17:55:16.093Z,e05d00617e92008b9ac41597e95a112c
OZlHO9QYhsRw5ogRdfmA,OZlHO9QYhsRw5ogRdfmA--1--4tope.jpg,2023-09-14T17:55:25.823Z,b70aea62e3faa51c9523ac0758dc44f4
h1sSwGQoBk2BBTfprqzp,h1sSwGQoBk2BBTfprqzp--grid.jpg,2023-09-26T20:15:54.920Z,2ae84b279bd6f42b5fb38319ba0aaae9
8Snahwz5JNcxS4c1cTGz,8Snahwz5JNcxS4c1cTGz--1--esw9t.jpg,2023-09-27T02:00:08.657Z,03aca78cab2aaaeca155a875f366d530
DBgpmVprptbyd47G98N8,DBgpmVprptbyd47G98N8--grid.jpg,2023-09-27T02:00:24.027Z,2e323d5602f1abdea04c8bccae3b8f22
ZWPCN4ENKrBLBK6kWBi7,DBgpmVprptbyd47G98N8--16--qsj8q.jpg,2023-09-27T02:01:36.525Z,e6e7f3ff95e2a9d5cac7e93711c0cfb0
DakwFZJaB2Ukc7WqSE5L,DakwFZJaB2Ukc7WqSE5L--grid.jpg,2023-09-27T02:03:24.330Z,d9b996c53c9cb8f00ce22fb7ea029710
To7Z3VEk0FC4ul2xHVtH,To7Z3VEk0FC4ul2xHVtH--grid.jpg,2023-09-29T15:26:01.219Z,7606370e27fb5b6183d9e52d54c9c8f6
O82k7AKQim21bGskZvki,O82k7AKQim21bGskZvki--grid.jpg,2023-09-29T15:26:14.277Z,00b3ee81b12bafb1b06d7d3fcfa55d7e
UD8fHCa7trnL6sxTl5Dj,UD8fHCa7trnL6sxTl5Dj--grid.jpg,2023-09-29T15:26:27.027Z,ca6682254ac05ef21cd6d6794dd2b533
ODE5vVteipSm3CtELTXC,ODE5vVteipSm3CtELTXC--grid.jpg,2023-09-29T15:26:40.520Z,d44e0e0bb52a47d2189777de61c65a17
rVhMmurRgyKGjLe4ChOy,rVhMmurRgyKGjLe4ChOy--grid.jpg,2023-09-29T15:26:49.829Z,20c4ba22b4df9ed0b3c9b3cfb5448412
3SMQR0LeoNHdaA2ugVvU,3SMQR0LeoNHdaA2ugVvU--grid.jpg,2023-09-29T15:27:00.724Z,b2cf2727ad0cd49301117b181e6375a9
lukdyIn2CT7GfiFurfX6,lukdyIn2CT7GfiFurfX6--grid.jpg,2023-09-29T15:29:01.085Z,57812378675a84d7781be4e961f66486
K3NAzDI8LMTTzD6qtAbH,K3NAzDI8LMTTzD6qtAbH--grid.jpg,2023-09-29T17:06:43.597Z,950d15bcd02fa42a4cd98dea3771a796
fLi1hxRvUusJrNdYTSse,fLi1hxRvUusJrNdYTSse--grid.jpg,2023-09-29T17:07:50.675Z,7982c776a2b3ac2245c7dcd3f01ddab4
z0e35DgdEnoPeaIQZgDb,z0e35DgdEnoPeaIQZgDb--grid.jpg,2023-09-29T20:40:35.286Z,a24aebe42a30738cb8c0dd193fbf2dc5
7PfP4TvSbye6UdrffOw9,7PfP4TvSbye6UdrffOw9--grid.jpg,2023-09-29T20:41:59.550Z,6155580518477a013381abf0c4233221
BtWmx4GV3pwtfWRhprBH,7PfP4TvSbye6UdrffOw9--2--joaa9.jpg,2023-09-29T20:43:57.122Z,1109609e9c7afa96b3c1f5b3e43d8b93
zLLR7QKN3XEvmfgfqBAm,zLLR7QKN3XEvmfgfqBAm--grid.jpg,2023-09-30T18:15:43.193Z,78c1106fff376c298b90489c3dfc6232
T2xM0HCO5sPKpYoElZN8,zLLR7QKN3XEvmfgfqBAm--10--jnao5.jpg,2023-09-30T18:16:57.515Z,d5a6bc4e1741b2fcd290212244130952
5263XJk4T4QGGZL4zXHb,zLLR7QKN3XEvmfgfqBAm--4--hscbk.jpg,2023-09-30T18:17:22.072Z,d3dd895ff19a95adf54c6723cd521987
gDibxD8PgVB0iZphw6V9,zLLR7QKN3XEvmfgfqBAm--5--xgdwo.jpg,2023-09-30T18:17:47.767Z,141d0150266752fe0d3db5c47e06b866
qrLH6NsuwAjzfOMT6rRS,zLLR7QKN3XEvmfgfqBAm--6--fd8go.jpg,2023-09-30T18:18:04.677Z,07b518c101e1bae9c366e42230c94001
DxlnT9wswhs0Yo9EDLg0,zLLR7QKN3XEvmfgfqBAm--7--wzcq9.jpg,2023-09-30T18:18:22.762Z,06d5560c82597ba93534a1c009dc0cf2
A8X5KxYK0Dqoyg78NLwl,zLLR7QKN3XEvmfgfqBAm--8--ngvx0.jpg,2023-09-30T18:18:36.710Z,f1909d155c083c58a9934f39f94c480e
xd1zoZxNcOyO92CJAweN,zLLR7QKN3XEvmfgfqBAm--9--h0kk9.jpg,2023-09-30T18:18:54.197Z,f4f12e74079ff875fdb02405583f33cf
EzJHvEGYU1NbKSxRB0F1,zLLR7QKN3XEvmfgfqBAm--11--gr5zk.jpg,2023-09-30T18:19:29.836Z,77d6127821076a046f35beabc8ce80ce
dlZB93Q6tEKVSWF14hcs,zLLR7QKN3XEvmfgfqBAm--13--caclb.jpg,2023-09-30T18:19:45.368Z,981771d14226f257edf711ddf3c831de
sjl243rDZH2roJGieGRf,zLLR7QKN3XEvmfgfqBAm--15--ew5r8.jpg,2023-09-30T18:20:19.741Z,25c452f1340655d1be46cd05de22d523
1OytYaWCyKb6377UUG0w,zLLR7QKN3XEvmfgfqBAm--16--k4fb5.jpg,2023-09-30T18:20:36.509Z,ce8f3afd6f08ed87f89f11e16fa9f172
x1ZBGTHZyNV78iKkowWq,x1ZBGTHZyNV78iKkowWq--1--ixicq.jpg,2023-10-08T02:42:57.851Z,299276e39fe13db9f87da38546e27beb
7tE7I8DGcJBXPFiEnQbV,7tE7I8DGcJBXPFiEnQbV--1--7h7ge.jpg,2023-10-13T23:27:07.843Z,e75db47925ca79dc5b1aaf36298fda30
PqpWf3G31cvVXecrsNpa,PqpWf3G31cvVXecrsNpa--1--o5oni.jpg,2023-10-13T23:27:34.325Z,766c51cd00ae2a5e50da96997cd4ae03
BzoRvsIpbUljiH2b16AV,BzoRvsIpbUljiH2b16AV--1--yqx7u.jpg,2023-10-13T23:28:13.479Z,5aff537b18a27546f116bcd39ff15a21
yisALdE0Ia0rYkXHrI34,yisALdE0Ia0rYkXHrI34--1--5hu54.jpg,2023-10-14T19:30:56.696Z,b865f7274364d45fed921ce8abaf76e0
nd4x4dGsYQOm9zMJV0br,nd4x4dGsYQOm9zMJV0br--1--wwaxn.jpg,2023-10-14T19:32:25.195Z,74c15fe681653bcb713afca04e62c45a
QiHqAuDydREyVUJHZRlx,QiHqAuDydREyVUJHZRlx--1--rrsbx.jpg,2023-10-14T19:33:01.881Z,a5396edbf1058a7416784556b1023f73
wdnxYtSb6sAluzPHRisI,wdnxYtSb6sAluzPHRisI--1--b32j1.jpg,2023-10-14T19:35:22.990Z,4d7f27cad87e71bbfe8424fbeaa1a284
VZN1mXI3mH0YoUwKqR39,VZN1mXI3mH0YoUwKqR39--1--pnqzc.jpg,2023-10-14T19:35:38.604Z,2b0778b7c6dfb8a3c054e1721d129332
jvbLgf2WIa54ZYo2yE0O,jvbLgf2WIa54ZYo2yE0O--1--ec9jf.jpg,2023-10-16T18:14:28.478Z,7d787455872861ea4454d91b973046a2
QFak2JzXZgC0Hgc5ACI1,QFak2JzXZgC0Hgc5ACI1--grid.jpg,2023-11-01T17:20:59.222Z,3f855164f9bf93888819f0de77e7153f
JDqmvLeiK5ALgRUlFq0g,JDqmvLeiK5ALgRUlFq0g--grid.jpg,2023-11-12T19:33:06.169Z,9dcdb4592c1b470186c750703c8a21de
5lM8F5mICCOWppLteVZf,5lM8F5mICCOWppLteVZf--1--3nxnh.jpg,2023-11-16T16:38:12.983Z,1e4a2188b9aaa9bb63b3cc8bbcad6baa
o38p8OCklVFQYUKOCry3,o38p8OCklVFQYUKOCry3--3--p6if3.jpg,2023-11-16T16:38:30.636Z,e4cdc52e7d0c0e2fad8385669269b568
jJaFmB3a53BQJnjE6AWO,jJaFmB3a53BQJnjE6AWO--1--8gvk5.jpg,2023-11-18T15:15:40.823Z,916d42c28022a96529f1c5ef049a7d77
2bWGsp0GV2spgdAPkYBX,2bWGsp0GV2spgdAPkYBX--1--mln4r.jpg,2023-11-18T15:16:03.430Z,8a1ae3c393e74f5acc0f2c6d813619a2
T8CPzS6OVEIyjquuG5MH,T8CPzS6OVEIyjquuG5MH--grid.jpg,2023-11-18T15:16:18.550Z,855a5737333c08d14fa613e2ff7a7be0
CBLZTsycGJ3TXLLl5Bmi,CBLZTsycGJ3TXLLl5Bmi--1--xzrgz.jpg,2023-11-22T16:41:48.834Z,48f68a2d984afaa7c155817b2bd3ed31
0tuio7TyRRKnnZKL2qQt,0tuio7TyRRKnnZKL2qQt--1--tucbb.jpg,2023-11-26T18:45:12.624Z,bf1e7669cbeb0d359c67d080aa160814
W1ckmQpggu2o8D9dYgQs,W1ckmQpggu2o8D9dYgQs--1--xwcvs.jpg,2023-11-26T18:45:51.741Z,e8093ddcc5bdc537dcef5bcf0114726a
wholQy3qMuoUymFmXPqh,wholQy3qMuoUymFmXPqh--1--0ge9y.jpg,2023-11-26T19:52:19.224Z,85b87dabd915595e6782557987a55c11
9MpRFPvCWMRt4Js3heEg,9MpRFPvCWMRt4Js3heEg--1--tzsng.jpg,2023-11-26T19:52:43.293Z,73150fc27f5213346bc5a339008c4d25
UgQhq40QFSzuj9fQN0T9,UgQhq40QFSzuj9fQN0T9--1--hrheu.jpg,2023-11-26T19:53:01.301Z,42f330b67e2fdff704b87ee2b240b99c
0w3JOh5IIy9GZcXijStq,0w3JOh5IIy9GZcXijStq--1--g1pcj.jpg,2023-11-26T19:53:42.207Z,1cce7ea98da14ecac64f7ce7485494d6
IdQwVHCVn8nwChz7VOy0,IdQwVHCVn8nwChz7VOy0--1--lj39j.jpg,2023-11-26T19:53:56.194Z,a1e2335e5f3529c86160006df1b0a48a
5fQu3OI0b2wszYkEVxWv,5fQu3OI0b2wszYkEVxWv--1--aodbo.jpg,2023-11-26T19:54:25.918Z,86cd77c495bdfb75ae373a63c0443c1b
UY5Azlil89cKrtHxPweL,UY5Azlil89cKrtHxPweL--1--y2fm4.jpg,2023-11-26T19:54:40.958Z,f8580fc405f4fe57fc03e27b4c6a9967
Oge5C1nUDmGmKjTVKuXV,Oge5C1nUDmGmKjTVKuXV--grid.jpg,2023-12-08T01:02:02.739Z,fdcf8507e8dc7b82aa992aaef90f647c
VUiPWimaUtphL05H5LSF,VUiPWimaUtphL05H5LSF--grid.jpg,2023-12-08T01:04:54.350Z,1c0687f2d19bbedd7faac2b67d3c0fcb
99CUwWd67u2Fo10TZEX9,99CUwWd67u2Fo10TZEX9--1--lqcfr.jpg,2023-12-15T18:14:52.304Z,62460693b438f47abccee33e17dcce29
MZA9wtKlXt2hHVKWInO5,MZA9wtKlXt2hHVKWInO5--1--tkuw0.jpg,2023-12-15T18:15:04.869Z,80696239fcd21e0dbd6bf4e8df7c955d
VAgq16UBKaNxfsVeCMgp,VAgq16UBKaNxfsVeCMgp--1--pzm8j.jpg,2023-12-15T18:15:47.699Z,f4b413aed1f75d88300b5bdc8f8b16a5
kfXn8lghv2UMiQJms6Io,kfXn8lghv2UMiQJms6Io--1--2obsr.jpg,2023-12-15T18:16:09.003Z,7cefee1122d3bf684b84299498d7b1b4
omGmIEtcg4ZTnPA0Rpeb,omGmIEtcg4ZTnPA0Rpeb--1--kvocd.jpg,2023-12-15T18:17:51.511Z,3a604254db45b5184fa69f65bc40566a
59o2x09N7KdW23wBIAMf,59o2x09N7KdW23wBIAMf--grid.jpg,2023-12-15T18:18:11.398Z,4c4f8d143302eaa7cbb356f045e6828c
sv4Gk7K8xRyrSdsPjel1,sv4Gk7K8xRyrSdsPjel1--grid.jpg,2023-12-15T18:24:44.621Z,abc757334b7e6e32f445cafc4995b767
lvLTM0Yvdz5V9I3vFyLD,lvLTM0Yvdz5V9I3vFyLD--grid.jpg,2023-12-17T21:11:39.506Z,486dd698d7e01578937e7a9265919a6d
SzmpbiW2fIPwEodxQ3dT,SzmpbiW2fIPwEodxQ3dT--1--1nzmi.jpg,2023-12-19T20:54:42.972Z,c2bab3fe64dda996d239a97304672978
pdOocB73YOCAPD3oNJOu,pdOocB73YOCAPD3oNJOu--1--f9yyz.jpg,2024-01-04T21:30:24.284Z,912c8002d28d4101f37924bc61a09454
SrfMGfq3nAoyaKHHlziL,SrfMGfq3nAoyaKHHlziL--1--uwxik.jpg,2024-01-06T16:15:55.817Z,50ba3deecd4480014c4aee6dcfdbb158
3ewKZvdiuHXsEu76loEa,3ewKZvdiuHXsEu76loEa--1--qywg7.jpg,2024-01-06T16:16:06.590Z,7abb6c9859c57e8c66abfceb1eb9f6a9
DpCCXNAlMhEXzLRJOowB,DpCCXNAlMhEXzLRJOowB--grid.jpg,2024-01-06T16:16:17.583Z,1ad69a7ba543e83978f9061e179de5a8
rPVlsfHoUqq40yvhoP3n,rPVlsfHoUqq40yvhoP3n--grid.jpg,2024-01-06T16:16:42.987Z,e607c0ae167dcca02aa9eb198019516c
9fyZvdxayCEXTrqX38fs,9fyZvdxayCEXTrqX38fs--grid.jpg,2024-01-06T16:17:10.284Z,2e99b0b206e82c47dd1580ef3111a874
STy3GGRqdka4vWgTG7SE,STy3GGRqdka4vWgTG7SE--grid.jpg,2024-01-06T16:17:14.843Z,425252755bb1360c3b7cea698d187a0e
fkMzPwiKstcP2YiJywMm,fkMzPwiKstcP2YiJywMm--1--wx7sq.jpg,2024-01-17T00:39:18.142Z,043f1c524b58c212cac11c1349ff86a8
NCTTyZsgZ1gj5myi3AbF,NCTTyZsgZ1gj5myi3AbF--1--oedc7.jpg,2024-01-17T00:39:20.353Z,a7613eb22a0babf7ef228de06f65184c
adXWBcGRYPjmdpPgghap,adXWBcGRYPjmdpPgghap--1--74ecy.jpg,2024-01-17T00:39:21.836Z,0137728076fef54dade314163fffa556
1se62pX3f3uWqFBiFQUf,1se62pX3f3uWqFBiFQUf--1--xk869.jpg,2024-01-17T15:11:40.788Z,7c585fb020f2444d352110f13f7f2164
PrLArzAlCr0xPinj05CX,PrLArzAlCr0xPinj05CX--1--lse92.jpg,2024-01-17T15:12:03.102Z,31d723127e686e57b47168fc4ac060fb
G8nh9o3ChnZ1gxyVxZXe,G8nh9o3ChnZ1gxyVxZXe--1--qr5o8.jpg,2024-01-17T15:12:16.321Z,2424a6da0821be2f83b98ae4fdef7028
RqsaymQ4XtibfB4dfyCO,RqsaymQ4XtibfB4dfyCO--1--5jair.jpg,2024-01-17T15:12:28.084Z,3de98c61c1c2ad9c4e8bd617d1cd2e30
x11DJt1kElhczdmQcKtX,x11DJt1kElhczdmQcKtX--1--hz8ff.jpg,2024-01-19T17:24:10.507Z,12c719e022cf07c09588341592603015
IQgdHM1hpIju9J4TNVmu,IQgdHM1hpIju9J4TNVmu--1--4ppss.jpg,2024-01-19T17:25:03.888Z,b30007583f5a609ddb097db30410037d
x6kVGpKAlEYoyHlhwawQ,x6kVGpKAlEYoyHlhwawQ--1--yu0vt.jpg,2024-01-19T17:25:14.393Z,5301745eae197ef5c8df2788dfb8b855
dDFNf0tBniDLlp2LTQQD,dDFNf0tBniDLlp2LTQQD--1--umg3n.jpg,2024-01-19T17:25:23.032Z,3b857b00bf793c8dec9a299b62023192
C5NTMxaE2f2UkKU0Fp8I,C5NTMxaE2f2UkKU0Fp8I--1--xxwtk.jpg,2024-01-19T17:25:28.483Z,9441092369b42f3bb151b379a78c94e4
fqz1qY7vn3OLEp6JlvH7,fqz1qY7vn3OLEp6JlvH7--1--h69q8.jpg,2024-01-19T17:25:34.510Z,004789227319e37f88fd67cc807fccad
fPxH5GJhKNdEZBIPb66s,fPxH5GJhKNdEZBIPb66s--1--4ghrx.jpg,2024-01-19T17:25:54.519Z,88f2d4125f90873fec575473b810b163
fO2aVqy25rALq1CJcl3P,fO2aVqy25rALq1CJcl3P--1--4h03g.jpg,2024-01-19T17:26:01.380Z,0e626e377632a737edbb4a927bd72842
bCOF5Jm5yuMY7oIxh5EQ,bCOF5Jm5yuMY7oIxh5EQ--grid.jpg,2024-01-21T17:51:00.185Z,1df3bf2196ba647b87ca47d7a0f07749
OIoqVwvFbQqHk6ABXnpx,OIoqVwvFbQqHk6ABXnpx--1--atqw4.jpg,2024-01-22T00:30:22.420Z,4bd768b92131cf5e3e3858795f2ee1e9
IfrUKLJaIF1TMBHDyi0E,IfrUKLJaIF1TMBHDyi0E--1--itvhz.jpg,2024-01-22T00:49:27.515Z,bf68199fbc13272860b99f2204bf04cd
uTrBqX5IIkkDWhjYE3PM,uTrBqX5IIkkDWhjYE3PM--1--8inog.jpg,2024-01-22T00:49:55.621Z,0fe031321769107ef5ce8a6a8e950251
KYUE9LUdQUmB84oQah82,KYUE9LUdQUmB84oQah82--1--jdan2.jpg,2024-01-22T00:50:10.816Z,2f671bd96ccf3e3b7838142af0662c46
JIvPhEJfZ86RSSqvzgMu,JIvPhEJfZ86RSSqvzgMu--1--pcf5r.jpg,2024-01-22T00:52:10.367Z,73b63b27640721665392c2dd812f157b
JIdktoaUtUFtipPVu71e,JIdktoaUtUFtipPVu71e--1--stzss.jpg,2024-01-22T00:52:18.817Z,a0a79e22fb45be08b330f824dd12caea
qdd2mebhXbdwFSQnehV6,qdd2mebhXbdwFSQnehV6--1--p1wnc.jpg,2024-01-22T00:52:30.088Z,b95974282bcc4aa58401e2589aa813ee
5b3VHJf0czmplzp5hGfj,5b3VHJf0czmplzp5hGfj--1--8uk8b.jpg,2024-01-22T00:52:38.007Z,764bff6b727e550fc238f70b632a698f
aDAxqIOoHxh3wn238swe,aDAxqIOoHxh3wn238swe--1--vjei7.jpg,2024-01-22T00:52:45.464Z,64e7b5cdab28cbacf23362e62ac92249
ZRJBwwCYx1lOCyGfIJaL,ZRJBwwCYx1lOCyGfIJaL--1--l6btj.jpg,2024-01-22T00:53:36.523Z,aed845b41462eae157f1b98ab6398db5
lyaznOdcZ4VoMRg9y9P7,lyaznOdcZ4VoMRg9y9P7--1--9uqk2.jpg,2024-01-22T00:54:06.233Z,aaf5bae24ab1011cc3e67f231ec629dc
cqG6x6rDogeRsmt73Or5,cqG6x6rDogeRsmt73Or5--1--sao7a.jpg,2024-01-22T18:39:25.523Z,6657f47024f002fbbe2f8b75a6548d10
sGjWdwVxvfbMJgjxvq0m,sGjWdwVxvfbMJgjxvq0m--grid.jpg,2024-01-22T19:46:28.945Z,f76594ac6eaacbaa80f2b028644f6be3
AwEmVjWRdz9ofHb2MuYP,AwEmVjWRdz9ofHb2MuYP--grid.jpg,2024-01-23T19:29:59.874Z,51bd91392bb6380b1514d6246b62e9ed
QkPftfjYD98Vbkv4CBfy,QkPftfjYD98Vbkv4CBfy--1--zqs0q.jpg,2024-01-23T19:31:23.531Z,801b8d72beab1c93b432b9e01a42e3bb
lt6Go2ajAk0HmKmni0w9,lt6Go2ajAk0HmKmni0w9--1--fffk1.jpg,2024-01-23T19:31:42.045Z,518a9bcccc3a4230701f5919313b9f8c
vGaTnzTCozLx7sdhKUlP,vGaTnzTCozLx7sdhKUlP--1--kqrbj.jpg,2024-01-23T19:32:25.738Z,fd88675d8d71513126de2f0fb38de6b4
TyMfFwtpXim2Bon5QetD,TyMfFwtpXim2Bon5QetD--1--u4r8t.jpg,2024-01-23T20:32:23.329Z,945b924596bdf9d32c8dcf715a79a1fd
KiBLIMAdojy0On2XIgep,KiBLIMAdojy0On2XIgep--1--lvdry.jpg,2024-01-23T21:03:39.728Z,ea78fed39819abbd06e8e93a80a9da9e
RO214qrJ77CUouYqzYv7,RO214qrJ77CUouYqzYv7--1--4a8wn.jpg,2024-01-23T21:04:04.791Z,0fafd8a61f8b039eca9e0a549b3f662a
0C0VAsKBg8bZSyVsCcGR,0C0VAsKBg8bZSyVsCcGR--1--ka785.jpg,2024-01-23T21:04:16.369Z,6f2fed7cef1c08e68ebceb4001631963
MSo2jQufvrLoEG52S2GY,MSo2jQufvrLoEG52S2GY--1--4g6l3.jpg,2024-01-23T21:05:35.138Z,2b2c85c4dc656c70e3c927d915b638cc
MuNdYWW0gTdCTAWXCqWF,MuNdYWW0gTdCTAWXCqWF--grid.jpg,2024-01-23T21:43:06.101Z,a4ab39de7cb2c78da394ea33d2524ae8
fyrh1f0Apz7dRfn3NlZg,fyrh1f0Apz7dRfn3NlZg--grid.jpg,2024-02-08T00:15:45.817Z,fc1693e5d949875eebfa9477cd1f68f2
3eBlvoQJ7m0C1SWFgxN0,fyrh1f0Apz7dRfn3NlZg--13--40pvt.jpg,2024-02-08T00:26:59.188Z,2361b559270bfc554a907820714f853c
mMA0vvcjMkLg97aYqz6j,mMA0vvcjMkLg97aYqz6j--grid.jpg,2024-02-08T00:27:50.775Z,814f0f8675f388970db682cf14a2b99a
S4sP0E6E2jZi8ofkC7W6,S4sP0E6E2jZi8ofkC7W6--grid.jpg,2024-02-08T01:22:24.920Z,7721505eae0454a3ed43855e65b3c32d
A6KOI3J4958ZckzlL7DY,A6KOI3J4958ZckzlL7DY--1--dizpb.jpg,2024-02-08T15:06:34.734Z,ba6df99ad18d9ef678bf85d74d868f14
o3u0rAlHkKKZwUjPtfkH,o3u0rAlHkKKZwUjPtfkH--1--kmr58.jpg,2024-02-08T15:07:12.480Z,0eb1fe05bfaff1f5ac380c2651f638ca
QJr7R8B8grOsr4GzfuNb,QJr7R8B8grOsr4GzfuNb--1--7briu.jpg,2024-02-08T15:07:32.995Z,1acd14a5f35d07b25aa4334ff619bc71
EkoTzHQ1DdjCicL6OEGF,EkoTzHQ1DdjCicL6OEGF--1--aspu7.jpg,2024-02-08T15:07:56.929Z,8fb0746c7d1a0b153c134f51a2c4ebaf
qzyJvcG4xiKzAUHJDq0e,qzyJvcG4xiKzAUHJDq0e--grid.jpg,2024-02-08T15:08:37.834Z,adb18a38edc3d6fad5b54fe3e617f67d
hi39xPDl2egKujW0cKL8,hi39xPDl2egKujW0cKL8--1--n0p8z.jpg,2024-02-13T22:21:59.865Z,3606c56a791eec7fa1ba82355588e77c
sqRC4PbPbRh0pPquXYUG,sqRC4PbPbRh0pPquXYUG--1--8nu8n.jpg,2024-02-13T22:22:17.799Z,aab251ab71c93c85731436b08068f57f
HKVaejf56CuxdinVrcSv,HKVaejf56CuxdinVrcSv--1--dq1db.jpg,2024-02-13T22:22:30.083Z,cdad72c8441833fec33db25f685e5656
UlPIlRxq6ggpwmGJJpHx,UlPIlRxq6ggpwmGJJpHx--1--fqlwy.jpg,2024-02-15T03:48:29.070Z,59441f381e4bd23ef4cb59c5c158abea
xqllRBSLdBn3ZBc4f9Ra,xqllRBSLdBn3ZBc4f9Ra--grid.jpg,2024-02-15T03:49:48.929Z,b9044fd39adb5a83d8d467ed4a6b4582
scx0zhLDx4fdBkhqgZID,scx0zhLDx4fdBkhqgZID--grid_2.6042x.jpg,2024-02-15T03:50:00.700Z,f50e70c9779d6a79a16c20e44d396380
BVFcPbT1wFRnn0tNIc6p,BVFcPbT1wFRnn0tNIc6p--grid.jpg,2024-02-15T03:50:03.010Z,639340ef2ad4c55bcf939668db96f992
1c9FIjcwjOEgfH6CApT4,1c9FIjcwjOEgfH6CApT4--1--6fg9x.jpg,2024-02-15T03:50:07.453Z,06834eebe3f9709c50ee8a9ddcb3247a
F4pAbUesazddTfNZgYA1,F4pAbUesazddTfNZgYA1--1--ymcsk.jpg,2024-02-15T03:50:09.144Z,e8105fee3888325218fe4372376564ed
xbqqS1XgDcMzaxldZzqg,xbqqS1XgDcMzaxldZzqg--grid.jpg,2024-02-15T03:56:39.450Z,94c780236b37d086a258b05701471889
KFBCgtHPiigwNqQMnUhj,KFBCgtHPiigwNqQMnUhj--grid.jpg,2024-02-15T03:56:43.209Z,de7593dba83d4f587919d763c854c21e
bsfTXEblUEAnoQIfRsyO,xqllRBSLdBn3ZBc4f9Ra--1--icnn4.jpg,2024-02-18T00:43:52.050Z,f6141b2ef86c5535a68c930fc6052af6
SRD6ucEiCXa3oSvmxj5P,xqllRBSLdBn3ZBc4f9Ra--2--t0usq.jpg,2024-02-18T00:44:08.678Z,6be5162bb88c3a42e5d61e0cca0d6b10
VPa92maebCuTYq1dIWl2,xqllRBSLdBn3ZBc4f9Ra--3--17ihu.jpg,2024-02-18T00:44:23.294Z,47944a8fb284a4a8187dabf85a69db2f
nGqDxn7rkWpX3zTg5kSy,xqllRBSLdBn3ZBc4f9Ra--5--ftp1a.jpg,2024-02-18T00:44:33.095Z,19744593b158938f41dbbe3ef744e2e5
EgHdphwm4KP8F4lw8BbJ,xqllRBSLdBn3ZBc4f9Ra--6--6ie9l.jpg,2024-02-18T00:44:40.819Z,cff21fc61282953811c4310b3d6c6486
OAbH3Be21urBllk8SQWh,xqllRBSLdBn3ZBc4f9Ra--7--6dq2o.jpg,2024-02-18T00:44:49.947Z,1ee84e26410822bee8cfd8ec20840bfa
yzpJJmSrXRLDYLbmJPEx,xqllRBSLdBn3ZBc4f9Ra--8--ybshs.jpg,2024-02-18T00:44:55.654Z,6436394d9e14c8288c5830b870276da5
6CPDXxgtd9Blf2sKJV4m,xqllRBSLdBn3ZBc4f9Ra--9--hm408.jpg,2024-02-18T00:45:01.369Z,c9187234401f2d643ab677e06470868e
3gGobl3nGjgrJzv5rJpG,xqllRBSLdBn3ZBc4f9Ra--10--3adxk_7.8125x.jpg,2024-02-18T00:45:08.151Z,eff2610c17414df541e3b55c47b3cfdd
JDq62r4Pondlq1EfXm70,xqllRBSLdBn3ZBc4f9Ra--11--gnn95.jpg,2024-02-18T00:45:13.135Z,246cecd84470a71ea417c1386a132499
PPgje3W7GxBcPryp7Aps,xqllRBSLdBn3ZBc4f9Ra--12--v1hel.jpg,2024-02-18T00:45:19.479Z,6df53d894146765ae038fdb8975f1ea2
GGFbeEBfvxVzqYS2F1a3,xqllRBSLdBn3ZBc4f9Ra--13--pagbg.jpg,2024-02-18T00:45:24.552Z,82ee7ee103b5bcd24b513e966cc2404b
etQJIkB4lhpT7OUTesnQ,xqllRBSLdBn3ZBc4f9Ra--14--6i1rh.jpg,2024-02-18T00:45:29.413Z,8d8f1f7356056f06e3e982dc8b80471f
yDHw08Q2cVVsLAYDB9PC,xqllRBSLdBn3ZBc4f9Ra--15--q1jym.jpg,2024-02-18T00:45:35.929Z,4c4bfef999ebf0da3fb2144fa3179e6e
J95M3VdDj9hjYTC4yvrl,xqllRBSLdBn3ZBc4f9Ra--16--rmibr.jpg,2024-02-18T00:45:43.573Z,470b829e144e84b30348c0afc51412b1
tFaYX0gucwAeMkCvCvg9,tFaYX0gucwAeMkCvCvg9--1--e38ou.jpg,2024-02-22T21:09:42.514Z,254bd56bd6bfa4161e823ce1b740fbe2
ckoc52CBUNnmbGXqcOGn,ckoc52CBUNnmbGXqcOGn--1--3fyg4.jpg,2024-02-22T21:09:54.949Z,13fffbf47509d79557e0349f3c0f5cfd
SxmSdZXG7G5ekT3qGvx7,SxmSdZXG7G5ekT3qGvx7--1--p94qi.jpg,2024-02-22T21:10:36.005Z,48969b6bd4d7de82f6fcc1807c67411a
5FsAGXxRVwqnMuuQcmDD,5FsAGXxRVwqnMuuQcmDD--1--pocuc.jpg,2024-02-22T21:12:52.759Z,63ee010ed9161fad01a54d5d6f295dcc
MFZeXUnNGBEiz5WsMvpW,MFZeXUnNGBEiz5WsMvpW--1--woxsb.jpg,2024-02-22T21:14:25.047Z,5f727ada2bb4092cde73f04e7ba7c2c1
p2Q4lQdN7ftlVbvRuU3N,p2Q4lQdN7ftlVbvRuU3N--grid.jpg,2024-02-22T21:15:01.672Z,6e699f8c284f39fcb32421c398b197b9
iQQDlvLXRhVE3bRAB5qc,iQQDlvLXRhVE3bRAB5qc--grid.jpg,2024-02-22T21:16:39.971Z,d20464e44cd14a1e58905b8bbc5cbe26
0BMYPfZadRbGYuT4cUyl,0BMYPfZadRbGYuT4cUyl--grid.jpg,2024-02-22T21:17:43.841Z,981433d43db60b3374b7ddf5cf1d1883
OD3A4mvayL39BCxOlUVe,0BMYPfZadRbGYuT4cUyl--1--bp4ug.jpg,2024-02-22T21:20:34.490Z,87853ae781bedcbe9252175ea8e55e34
sFFk45swtY6mEXJw3LyN,0BMYPfZadRbGYuT4cUyl--2--qpqto.jpg,2024-02-22T21:20:43.664Z,92a9a1bbe8ab418a5b278e0c5d1c2de9
k4HRg63cZcT6imiCxE0w,0BMYPfZadRbGYuT4cUyl--3--wzzjb.jpg,2024-02-22T21:20:51.506Z,a44f4bab828bfeeac8e794ebe0595dee
O7KnKMxRUQ93wF6ijIJz,0BMYPfZadRbGYuT4cUyl--4--b2r6h.jpg,2024-02-22T21:20:59.999Z,5d12e3d59d74502ee0c0b77a119d3ff7
Pu4SZRQ4tIrSmunECK9H,0BMYPfZadRbGYuT4cUyl--5--4ozsi.jpg,2024-02-22T21:21:15.585Z,f5f06f0b5d28176f7581c0c6778adc92
DArve0mFeBRmyi69fUsD,0BMYPfZadRbGYuT4cUyl--6--kb2gt.jpg,2024-02-22T21:21:29.658Z,9ae2432790e753e14cd3a5e59fef9d7d
HpSbMX6SuD7Z5hsgqYvh,0BMYPfZadRbGYuT4cUyl--7--nbdrr.jpg,2024-02-22T21:21:38.046Z,67b620b3f177fb00dcf92c23d04f32e0
X8p3DC6Gz32SuKRcV9iK,0BMYPfZadRbGYuT4cUyl--8--nps44.jpg,2024-02-22T21:21:44.700Z,86089344a141c0d98902b95ffb270d6a
Bp4QfdhKKC0L046AkNqH,0BMYPfZadRbGYuT4cUyl--9--upy2r.jpg,2024-02-22T21:21:50.703Z,233101a4a22ebf2ed21475a03f2e2ae3
4A2gGc5YFQtn2kKIjiJi,4A2gGc5YFQtn2kKIjiJi--grid.jpg,2024-02-26T17:31:45.258Z,28c71b0160bbe7946b4d884dfdce552e
mD1QJeJsDIvo5vicq8by,mD1QJeJsDIvo5vicq8by--1--tgfij.jpg,2024-02-27T19:09:57.092Z,418c0e71ffa92fa28109a38af2d18819
I3voIeM4oFV7SvqDlEKp,I3voIeM4oFV7SvqDlEKp--1--s7pdw.jpg,2024-03-06T20:33:55.260Z,e06fcff2d2b8b8e3212acf56b1da5a74
7QDihZ5hT6Ooh7GuFLGu,7QDihZ5hT6Ooh7GuFLGu--1--wh9cp.jpg,2024-03-06T20:34:04.239Z,c182d24bacbb03bcb018532893a26388
EwtmIs64QI4WrnOSyMy5,EwtmIs64QI4WrnOSyMy5--1--yya10.jpg,2024-03-06T20:34:36.401Z,24a38511c81de14568830f48dd81b95e
q5L7WVYo1w3XdbSJuAlv,q5L7WVYo1w3XdbSJuAlv--1--mirpa.jpg,2024-03-06T20:35:03.820Z,35532778e220bde0b5a57c0ed2505f5f
